[
{
    "model": "sessions.session",
    "pk": "okonjeatvfmr64wcy573da0h718mdpad",
    "fields": {
        "session_data": ".eJxVjDsOwjAQBe_iGlnGn8RLSZ8zWLvrNQ6gRIqTCnF3iJQC2jcz76USbmtNW5MljVld1FmdfjdCfsi0g3zH6TZrnqd1GUnvij5o08Oc5Xk93L-Diq1-a3KWItngHBsGyD4TSjS9hygWvATshMFDob50HTsfIKJ1LEVIyIB6fwDr8Dh8:1lTv6K:7_Nhx6tyQ__HRxfXRVih0qGoJjgDK0PB_W82No0WMA4",
        "expire_date": "2021-04-20T23:27:16.766Z"
    }
},
{
    "model": "sessions.session",
    "pk": "uudxgk8qizecjgvxfi9mg6ik1et3keae",
    "fields": {
        "session_data": ".eJxVjDsOwjAQBe_iGlnGn8RLSZ8zWLvrNQ6gRIqTCnF3iJQC2jcz76USbmtNW5MljVld1FmdfjdCfsi0g3zH6TZrnqd1GUnvij5o08Oc5Xk93L-Diq1-a3KWItngHBsGyD4TSjS9hygWvATshMFDob50HTsfIKJ1LEVIyIB6fwDr8Dh8:1lU2yE:Zj460AIA0DbGV8qytIxEE_ICPqXuz75t5HqwfvWsAs4",
        "expire_date": "2021-04-21T07:51:26.676Z"
    }
},
{
    "model": "sessions.session",
    "pk": "x75omirefrfgvepdmwsm4gxa6nt7fy1y",
    "fields": {
        "session_data": ".eJxVjMsOwiAQRf-FtSGdQmHo0r3fQIaXRS01ha6M_65NutDtPeeeF7O0tcluNa42BzYyYKffzZG_x7KDcKNyXbhfSluz47vCD1r5ZQnxcT7cv8BEdfq-tUoBUtCYiGiQ5ICCxEjCCRK9Jx1diINDLVOSQB7dgKYzPYIHUEns0RprzUuxueRmW55jbTQ_LRtBAQpjoEOuOoEa9fsD0aFHUA:1lWdXQ:Y5S2i859YHqJN0lERTkupHOwFHMpXjFBepmddFawAF0",
        "expire_date": "2021-04-28T11:18:28.702Z"
    }
},
{
    "model": "sessions.session",
    "pk": "ynxm0d4yyicrjt9u5thz12x80s5bscov",
    "fields": {
        "session_data": "eyJfc2Vzc2lvbl9pbml0X3RpbWVzdGFtcF8iOjE2MTg5NDM3MjcuOTg4NjQ4Mn0:1lYvDc:HkKF-4AFMQ2xpbYD4sFPh52GWT13YSpArq1N3ueH2gA",
        "expire_date": "2021-05-04T18:35:28.192Z"
    }
},
{
    "model": "category.category",
    "pk": 1,
    "fields": {
        "category_name": "Shirts",
        "slug": "shirts",
        "description": "This is the shirt category",
        "cat_image": "photos/categories/shirts.jpg"
    }
},
{
    "model": "category.category",
    "pk": 2,
    "fields": {
        "category_name": "T shirt",
        "slug": "t-shirt",
        "description": "Thiis is a test record",
        "cat_image": "photos/categories/tshirts.jpg"
    }
},
{
    "model": "category.category",
    "pk": 3,
    "fields": {
        "category_name": "Shoes",
        "slug": "shoes",
        "description": "",
        "cat_image": "photos/categories/shoes.png"
    }
},
{
    "model": "category.category",
    "pk": 4,
    "fields": {
        "category_name": "Jeans",
        "slug": "jeans",
        "description": "",
        "cat_image": "photos/categories/jeans.jpg"
    }
},
{
    "model": "category.category",
    "pk": 5,
    "fields": {
        "category_name": "Jackets",
        "slug": "jackets",
        "description": "",
        "cat_image": "photos/categories/jackets.jpg"
    }
},
{
    "model": "accounts.account",
    "fields": {
        "password": "pbkdf2_sha256$216000$nhNCDDuCsZly$6HXrAEeVYyLxZ8F5xfuiSAs8RS1ABlukFRUStw5rYnY=",
        "first_name": "Luqman",
        "last_name": "Shofuleji",
        "username": "luqman",
        "email": "luqmanshof@gmail.com",
        "phone_number": "",
        "date_joined": "2021-03-28T12:26:57.428Z",
        "last_login": "2021-04-14T11:23:25.327Z",
        "is_admin": true,
        "is_staff": true,
        "is_active": true,
        "is_superadmin": true
    }
},
{
    "model": "accounts.account",
    "fields": {
        "password": "pbkdf2_sha256$216000$kofODacGbXOw$vYfuNSSzp0VDjg+n9TrpKNFXHVchFHJ4qLquzcBN4H8=",
        "first_name": "Femi",
        "last_name": "Adebayo",
        "username": "adeolayous",
        "email": "adeolayous@gmail.com",
        "phone_number": "08122216668",
        "date_joined": "2021-04-05T10:36:49.644Z",
        "last_login": "2021-04-13T16:24:43.723Z",
        "is_admin": false,
        "is_staff": false,
        "is_active": true,
        "is_superadmin": false
    }
},
{
    "model": "accounts.account",
    "fields": {
        "password": "pbkdf2_sha256$216000$XtHZdYdCBwsS$szyXTfq1XzQtmO8Qy7zqQSZn9NB+eGuVr9cw8NctaNM=",
        "first_name": "Shades",
        "last_name": "Ibrahima",
        "username": "enthralsystem",
        "email": "enthralsystem@gmail.com",
        "phone_number": "08766543431",
        "date_joined": "2021-04-13T17:51:33.566Z",
        "last_login": "2021-04-13T17:52:00.590Z",
        "is_admin": false,
        "is_staff": false,
        "is_active": true,
        "is_superadmin": false
    }
},
{
    "model": "accounts.userprofile",
    "pk": 1,
    "fields": {
        "user": [
            "luqmanshof@gmail.com"
        ],
        "address_line_1": "15B, Akerele Street, Oworonshoki",
        "address_line_2": "Kosofe",
        "profile_picture": "userprofile/Luqman2_l8CLL7L.jpeg",
        "city": "Lagos",
        "state": "NG-LA",
        "country": "Nigeria"
    }
},
{
    "model": "accounts.userprofile",
    "pk": 6,
    "fields": {
        "user": [
            "enthralsystem@gmail.com"
        ],
        "address_line_1": "",
        "address_line_2": "",
        "profile_picture": "userprofile/default.jpg",
        "city": "",
        "state": "",
        "country": ""
    }
},
{
    "model": "store.product",
    "pk": 1,
    "fields": {
        "product_name": "ATX Jeans",
        "slug": "atx-jeans",
        "description": "Lorem Ipsum is simply dummy text of the printing and typesetting industry. Lorem Ipsum has been the industry's standard dummy text ever since the 1500s, when an unknown printer took a galley of type and scrambled it to make a type specimen book.",
        "price": 199,
        "images": "photos/products/ATX-Jeans.jpg",
        "stock": 4,
        "is_available": true,
        "category": 4,
        "created_date": "2021-03-28T20:19:38.863Z",
        "modified_date": "2021-04-14T07:33:09.204Z"
    }
},
{
    "model": "store.product",
    "pk": 2,
    "fields": {
        "product_name": "Blue Shirt",
        "slug": "blue-shirt",
        "description": "Lorem Ipsum is simply dummy text of the printing and typesetting industry. Lorem Ipsum has been the industry's standard dummy text ever since the 1500s, when an unknown printer took a galley of type and scrambled it to make a type specimen book.",
        "price": 120,
        "images": "photos/products/Blue-Shirt.jpg",
        "stock": 32,
        "is_available": true,
        "category": 1,
        "created_date": "2021-03-28T20:21:18.039Z",
        "modified_date": "2021-03-28T20:21:18.039Z"
    }
},
{
    "model": "store.product",
    "pk": 3,
    "fields": {
        "product_name": "Great Tshirt",
        "slug": "great-tshirt",
        "description": "Lorem Ipsum is simply dummy text of the printing and typesetting industry. Lorem Ipsum has been the industry's standard dummy text ever since the 1500s, when an unknown printer took a galley of type and scrambled it to make a type specimen book.",
        "price": 100,
        "images": "photos/products/Great-Tshirt.jpg",
        "stock": 0,
        "is_available": true,
        "category": 2,
        "created_date": "2021-03-28T20:22:11.430Z",
        "modified_date": "2021-03-31T09:55:31.658Z"
    }
},
{
    "model": "store.product",
    "pk": 4,
    "fields": {
        "product_name": "Jordan Basketball Shoe",
        "slug": "jordan-basketball-shoe",
        "description": "Lorem Ipsum is simply dummy text of the printing and typesetting industry. Lorem Ipsum has been the industry's standard dummy text ever since the 1500s, when an unknown printer took a galley of type and scrambled it to make a type specimen book.",
        "price": 180,
        "images": "photos/products/jordan-true-flight-basketball-shoes.jpg",
        "stock": 15,
        "is_available": true,
        "category": 3,
        "created_date": "2021-03-28T20:23:50.099Z",
        "modified_date": "2021-03-28T20:23:50.099Z"
    }
},
{
    "model": "store.product",
    "pk": 5,
    "fields": {
        "product_name": "Puma Ferarri Shoe",
        "slug": "puma-ferarri-shoe",
        "description": "Lorem Ipsum is simply dummy text of the printing and typesetting industry. Lorem Ipsum has been the industry's standard dummy text ever since the 1500s, when an unknown printer took a galley of type and scrambled it to make a type specimen book.",
        "price": 175,
        "images": "photos/products/Puma-Ferrari-Shoes.jpg",
        "stock": 25,
        "is_available": true,
        "category": 3,
        "created_date": "2021-03-28T20:24:48.228Z",
        "modified_date": "2021-03-28T20:24:48.228Z"
    }
},
{
    "model": "store.product",
    "pk": 6,
    "fields": {
        "product_name": "Mavi Jeans",
        "slug": "mavi-jeans",
        "description": "Lorem Ipsum is simply dummy text of the printing and typesetting industry. Lorem Ipsum has been the industry's standard dummy text ever since the 1500s, when an unknown printer took a galley of type and scrambled it to make a type specimen book.",
        "price": 80,
        "images": "photos/products/Mavi_jeans.jpg",
        "stock": 80,
        "is_available": true,
        "category": 4,
        "created_date": "2021-03-28T20:26:02.256Z",
        "modified_date": "2021-03-28T20:26:02.256Z"
    }
},
{
    "model": "store.product",
    "pk": 7,
    "fields": {
        "product_name": "US Polo Jacket",
        "slug": "us-polo-jacket",
        "description": "Lorem Ipsum is simply dummy text of the printing and typesetting industry. Lorem Ipsum has been the industry's standard dummy text ever since the 1500s, when an unknown printer took a galley of type and scrambled it to make a type specimen book.",
        "price": 115,
        "images": "photos/products/US-Polo-Assn_Jacket.jpg",
        "stock": 17,
        "is_available": true,
        "category": 5,
        "created_date": "2021-03-28T20:26:53.723Z",
        "modified_date": "2021-03-28T20:26:53.723Z"
    }
},
{
    "model": "store.product",
    "pk": 8,
    "fields": {
        "product_name": "Wrangler Shirt",
        "slug": "wrangler-shirt",
        "description": "Lorem Ipsum is simply dummy text of the printing and typesetting industry. Lorem Ipsum has been the industry's standard dummy text ever since the 1500s, when an unknown printer took a galley of type and scrambled it to make a type specimen book.",
        "price": 65,
        "images": "photos/products/Wrangler-Shirt.jpg",
        "stock": 60,
        "is_available": true,
        "category": 1,
        "created_date": "2021-03-28T20:31:00.899Z",
        "modified_date": "2021-04-14T04:39:30.384Z"
    }
},
{
    "model": "store.variation",
    "pk": 1,
    "fields": {
        "product": 1,
        "variation_category": "color",
        "variation_value": "Blue",
        "is_active": true,
        "created_date": "2021-04-02T09:22:17.396Z"
    }
},
{
    "model": "store.variation",
    "pk": 2,
    "fields": {
        "product": 1,
        "variation_category": "color",
        "variation_value": "Green",
        "is_active": false,
        "created_date": "2021-04-02T13:55:22.997Z"
    }
},
{
    "model": "store.variation",
    "pk": 3,
    "fields": {
        "product": 1,
        "variation_category": "color",
        "variation_value": "Brown",
        "is_active": true,
        "created_date": "2021-04-02T09:23:57.414Z"
    }
},
{
    "model": "store.variation",
    "pk": 4,
    "fields": {
        "product": 1,
        "variation_category": "size",
        "variation_value": "Small",
        "is_active": true,
        "created_date": "2021-04-02T14:02:32.713Z"
    }
},
{
    "model": "store.variation",
    "pk": 5,
    "fields": {
        "product": 1,
        "variation_category": "size",
        "variation_value": "Medium",
        "is_active": true,
        "created_date": "2021-04-02T14:31:58.152Z"
    }
},
{
    "model": "store.variation",
    "pk": 6,
    "fields": {
        "product": 1,
        "variation_category": "size",
        "variation_value": "Large",
        "is_active": true,
        "created_date": "2021-04-02T14:32:08.871Z"
    }
},
{
    "model": "store.reviewrating",
    "pk": 2,
    "fields": {
        "product": 1,
        "user": [
            "adeolayous@gmail.com"
        ],
        "subject": "Nice product",
        "review": "good quality",
        "rating": 3.5,
        "ip": "127.0.0.1",
        "status": true,
        "created_at": "2021-04-11T16:33:54.642Z",
        "updated_at": "2021-04-11T17:20:41.396Z"
    }
},
{
    "model": "store.reviewrating",
    "pk": 3,
    "fields": {
        "product": 1,
        "user": [
            "luqmanshof@gmail.com"
        ],
        "subject": "Best Product Ever",
        "review": "The quality was nice and its exact size ordered",
        "rating": 4.5,
        "ip": "127.0.0.1",
        "status": true,
        "created_at": "2021-04-11T16:49:32.092Z",
        "updated_at": "2021-04-11T17:21:04.322Z"
    }
},
{
    "model": "store.productgallery",
    "pk": 1,
    "fields": {
        "product": 8,
        "image": "store/products/image1_1zRz971.jpg"
    }
},
{
    "model": "store.productgallery",
    "pk": 2,
    "fields": {
        "product": 1,
        "image": "store/products/Atx1.png"
    }
},
{
    "model": "store.productgallery",
    "pk": 3,
    "fields": {
        "product": 1,
        "image": "store/products/ATX2.jpg"
    }
},
{
    "model": "store.productgallery",
    "pk": 4,
    "fields": {
        "product": 1,
        "image": "store/products/ATX3.jpg"
    }
},
{
    "model": "carts.cart",
    "pk": 28,
    "fields": {
        "cart_id": "pn9saryb4za8jl6ui1j3xhgxsgw9ypce",
        "date_added": "2021-04-13"
    }
},
{
    "model": "carts.cart",
    "pk": 29,
    "fields": {
        "cart_id": "h484vk0b6exix6yafq6eegho8kzovseb",
        "date_added": "2021-04-13"
    }
},
{
    "model": "carts.cart",
    "pk": 30,
    "fields": {
        "cart_id": "26hrrv3bz02py6cpt34rs031q3ffytgt",
        "date_added": "2021-04-13"
    }
},
{
    "model": "carts.cart",
    "pk": 31,
    "fields": {
        "cart_id": "ouwjpih1h0rcuy6copse3ogcyrdoczyu",
        "date_added": "2021-04-13"
    }
},
{
    "model": "carts.cart",
    "pk": 32,
    "fields": {
        "cart_id": "jib2y76fae9bpc587jtbosbwy06jyccy",
        "date_added": "2021-04-13"
    }
},
{
    "model": "carts.cartitem",
    "pk": 94,
    "fields": {
        "user": [
            "enthralsystem@gmail.com"
        ],
        "product": 1,
        "cart": 32,
        "quantity": 1,
        "is_active": true,
        "variations": [
            1,
            5
        ]
    }
},
{
    "model": "orders.payment",
    "pk": 28,
    "fields": {
        "user": [
            "adeolayous@gmail.com"
        ],
        "payment_id": "Trans-2021041179",
        "payment_method": "Paypal",
        "amount_paid": "199.0",
        "status": "Completed",
        "created_at": "2021-04-11T15:32:45.106Z"
    }
},
{
    "model": "orders.payment",
    "pk": 29,
    "fields": {
        "user": [
            "adeolayous@gmail.com"
        ],
        "payment_id": "Trans-2021041180",
        "payment_method": "Paypal",
        "amount_paid": "199.0",
        "status": "Completed",
        "created_at": "2021-04-11T16:18:37.643Z"
    }
},
{
    "model": "orders.payment",
    "pk": 30,
    "fields": {
        "user": [
            "adeolayous@gmail.com"
        ],
        "payment_id": "Trans-2021041181",
        "payment_method": "Paypal",
        "amount_paid": "597.0",
        "status": "Completed",
        "created_at": "2021-04-11T16:24:13.151Z"
    }
},
{
    "model": "orders.payment",
    "pk": 31,
    "fields": {
        "user": [
            "adeolayous@gmail.com"
        ],
        "payment_id": "Trans-2021041182",
        "payment_method": "Paypal",
        "amount_paid": "199.0",
        "status": "Completed",
        "created_at": "2021-04-11T16:26:42.279Z"
    }
},
{
    "model": "orders.payment",
    "pk": 32,
    "fields": {
        "user": [
            "adeolayous@gmail.com"
        ],
        "payment_id": "Trans-2021041183",
        "payment_method": "Paypal",
        "amount_paid": "199.0",
        "status": "Completed",
        "created_at": "2021-04-11T16:29:40.275Z"
    }
},
{
    "model": "orders.payment",
    "pk": 33,
    "fields": {
        "user": [
            "luqmanshof@gmail.com"
        ],
        "payment_id": "Trans-2021041184",
        "payment_method": "Paypal",
        "amount_paid": "398.0",
        "status": "Completed",
        "created_at": "2021-04-11T16:48:24.042Z"
    }
},
{
    "model": "orders.payment",
    "pk": 34,
    "fields": {
        "user": [
            "luqmanshof@gmail.com"
        ],
        "payment_id": "Trans-2021041185",
        "payment_method": "Paypal",
        "amount_paid": "398.0",
        "status": "Completed",
        "created_at": "2021-04-11T18:34:33.657Z"
    }
},
{
    "model": "orders.payment",
    "pk": 35,
    "fields": {
        "user": [
            "luqmanshof@gmail.com"
        ],
        "payment_id": "Trans-2021041186",
        "payment_method": "Paypal",
        "amount_paid": "199.0",
        "status": "Completed",
        "created_at": "2021-04-11T20:03:50.698Z"
    }
},
{
    "model": "orders.order",
    "pk": 79,
    "fields": {
        "user": [
            "adeolayous@gmail.com"
        ],
        "payment": 28,
        "order_number": "2021041179",
        "first_name": "Luqman",
        "last_name": "Shofuleji",
        "phone": "08067914888",
        "email": "luqmanshof@gmail.com",
        "address_line_1": "15B, Akerele Street, Oworonshoki",
        "address_line_2": "",
        "country": "Nigeria",
        "state": "NG-LA",
        "city": "Lagos",
        "order_note": "",
        "order_total": 199.0,
        "tax": 0.0,
        "status": "New",
        "ip": "127.0.0.1",
        "is_ordered": true,
        "created_at": "2021-04-11T15:32:41.029Z",
        "updated_at": "2021-04-11T15:32:45.116Z"
    }
},
{
    "model": "orders.order",
    "pk": 80,
    "fields": {
        "user": [
            "adeolayous@gmail.com"
        ],
        "payment": 29,
        "order_number": "2021041180",
        "first_name": "Adeola",
        "last_name": "Yusuf",
        "phone": "0808",
        "email": "luqmanshof@gmail.com",
        "address_line_1": "15B, Akerele Street, Oworonshoki",
        "address_line_2": "",
        "country": "Nigeria",
        "state": "NG-LA",
        "city": "Lagos",
        "order_note": "",
        "order_total": 199.0,
        "tax": 0.0,
        "status": "New",
        "ip": "127.0.0.1",
        "is_ordered": true,
        "created_at": "2021-04-11T16:15:06.633Z",
        "updated_at": "2021-04-11T16:18:37.662Z"
    }
},
{
    "model": "orders.order",
    "pk": 81,
    "fields": {
        "user": [
            "adeolayous@gmail.com"
        ],
        "payment": 30,
        "order_number": "2021041181",
        "first_name": "Adeola",
        "last_name": "Shofuleji",
        "phone": "08024745040",
        "email": "luqmanshof@gmail.com",
        "address_line_1": "15B, Akerele Street, Oworonshoki",
        "address_line_2": "",
        "country": "Nigeria",
        "state": "NG-LA",
        "city": "Lagos",
        "order_note": "",
        "order_total": 597.0,
        "tax": 0.0,
        "status": "New",
        "ip": "127.0.0.1",
        "is_ordered": true,
        "created_at": "2021-04-11T16:23:52.947Z",
        "updated_at": "2021-04-11T16:24:13.162Z"
    }
},
{
    "model": "orders.order",
    "pk": 82,
    "fields": {
        "user": [
            "adeolayous@gmail.com"
        ],
        "payment": 31,
        "order_number": "2021041182",
        "first_name": "Fausat",
        "last_name": "Shofuleji",
        "phone": "08024745040",
        "email": "luqmanshof@gmail.com",
        "address_line_1": "Akerele Street,",
        "address_line_2": "",
        "country": "Nigeria",
        "state": "Lagos",
        "city": "Oworoshoki",
        "order_note": "",
        "order_total": 199.0,
        "tax": 0.0,
        "status": "New",
        "ip": "127.0.0.1",
        "is_ordered": true,
        "created_at": "2021-04-11T16:26:37.508Z",
        "updated_at": "2021-04-11T16:26:42.290Z"
    }
},
{
    "model": "orders.order",
    "pk": 83,
    "fields": {
        "user": [
            "adeolayous@gmail.com"
        ],
        "payment": 32,
        "order_number": "2021041183",
        "first_name": "Luqman",
        "last_name": "Shofuleji",
        "phone": "08033617903",
        "email": "luqmanshof@gmail.com",
        "address_line_1": "15B, Akerele Street, Oworonshoki",
        "address_line_2": "",
        "country": "Nigeria",
        "state": "NG-LA",
        "city": "Lagos",
        "order_note": "",
        "order_total": 199.0,
        "tax": 0.0,
        "status": "New",
        "ip": "127.0.0.1",
        "is_ordered": true,
        "created_at": "2021-04-11T16:29:38.277Z",
        "updated_at": "2021-04-11T16:29:40.285Z"
    }
},
{
    "model": "orders.order",
    "pk": 84,
    "fields": {
        "user": [
            "luqmanshof@gmail.com"
        ],
        "payment": 33,
        "order_number": "2021041184",
        "first_name": "Luqman",
        "last_name": "Shofuleji",
        "phone": "08024745040",
        "email": "luqmanshof@gmail.com",
        "address_line_1": "15B, Akerele Street, Oworonshoki",
        "address_line_2": "",
        "country": "Nigeria",
        "state": "NG-LA",
        "city": "Lagos",
        "order_note": "",
        "order_total": 398.0,
        "tax": 0.0,
        "status": "New",
        "ip": "127.0.0.1",
        "is_ordered": true,
        "created_at": "2021-04-11T16:48:21.205Z",
        "updated_at": "2021-04-11T16:48:24.049Z"
    }
},
{
    "model": "orders.order",
    "pk": 85,
    "fields": {
        "user": [
            "luqmanshof@gmail.com"
        ],
        "payment": 34,
        "order_number": "2021041185",
        "first_name": "Luqman",
        "last_name": "Shofuleji",
        "phone": "08024745040",
        "email": "luqmanshof@gmail.com",
        "address_line_1": "15B, Akerele Street, Oworonshoki",
        "address_line_2": "",
        "country": "Nigeria",
        "state": "NG-LA",
        "city": "Lagos",
        "order_note": "",
        "order_total": 398.0,
        "tax": 0.0,
        "status": "New",
        "ip": "127.0.0.1",
        "is_ordered": true,
        "created_at": "2021-04-11T18:34:31.620Z",
        "updated_at": "2021-04-11T18:34:33.669Z"
    }
},
{
    "model": "orders.order",
    "pk": 86,
    "fields": {
        "user": [
            "luqmanshof@gmail.com"
        ],
        "payment": 35,
        "order_number": "2021041186",
        "first_name": "Luqman",
        "last_name": "Shofuleji",
        "phone": "08024745040",
        "email": "luqmanshof@gmail.com",
        "address_line_1": "15B, Akerele Street, Oworonshoki",
        "address_line_2": "",
        "country": "Nigeria",
        "state": "NG-LA",
        "city": "Lagos",
        "order_note": "",
        "order_total": 199.0,
        "tax": 0.0,
        "status": "New",
        "ip": "127.0.0.1",
        "is_ordered": true,
        "created_at": "2021-04-11T20:03:48.960Z",
        "updated_at": "2021-04-11T20:03:50.706Z"
    }
},
{
    "model": "orders.orderproduct",
    "pk": 35,
    "fields": {
        "order": 79,
        "payment": 28,
        "user": [
            "adeolayous@gmail.com"
        ],
        "product": 1,
        "quantity": 1,
        "product_price": 199.0,
        "ordered": true,
        "created_at": "2021-04-11T15:32:45.140Z",
        "updated_at": "2021-04-11T15:32:45.175Z",
        "variation": [
            1,
            5
        ]
    }
},
{
    "model": "orders.orderproduct",
    "pk": 36,
    "fields": {
        "order": 80,
        "payment": 29,
        "user": [
            "adeolayous@gmail.com"
        ],
        "product": 1,
        "quantity": 1,
        "product_price": 199.0,
        "ordered": true,
        "created_at": "2021-04-11T16:18:37.676Z",
        "updated_at": "2021-04-11T16:18:37.697Z",
        "variation": [
            1,
            5
        ]
    }
},
{
    "model": "orders.orderproduct",
    "pk": 37,
    "fields": {
        "order": 81,
        "payment": 30,
        "user": [
            "adeolayous@gmail.com"
        ],
        "product": 1,
        "quantity": 3,
        "product_price": 199.0,
        "ordered": true,
        "created_at": "2021-04-11T16:24:13.173Z",
        "updated_at": "2021-04-11T16:24:13.194Z",
        "variation": [
            3,
            4
        ]
    }
},
{
    "model": "orders.orderproduct",
    "pk": 38,
    "fields": {
        "order": 82,
        "payment": 31,
        "user": [
            "adeolayous@gmail.com"
        ],
        "product": 1,
        "quantity": 1,
        "product_price": 199.0,
        "ordered": true,
        "created_at": "2021-04-11T16:26:42.304Z",
        "updated_at": "2021-04-11T16:26:42.326Z",
        "variation": [
            1,
            4
        ]
    }
},
{
    "model": "orders.orderproduct",
    "pk": 39,
    "fields": {
        "order": 83,
        "payment": 32,
        "user": [
            "adeolayous@gmail.com"
        ],
        "product": 1,
        "quantity": 1,
        "product_price": 199.0,
        "ordered": true,
        "created_at": "2021-04-11T16:29:40.304Z",
        "updated_at": "2021-04-11T16:29:40.336Z",
        "variation": [
            1,
            6
        ]
    }
},
{
    "model": "orders.orderproduct",
    "pk": 40,
    "fields": {
        "order": 84,
        "payment": 33,
        "user": [
            "luqmanshof@gmail.com"
        ],
        "product": 1,
        "quantity": 2,
        "product_price": 199.0,
        "ordered": true,
        "created_at": "2021-04-11T16:48:24.065Z",
        "updated_at": "2021-04-11T16:48:24.088Z",
        "variation": [
            1,
            6
        ]
    }
},
{
    "model": "orders.orderproduct",
    "pk": 41,
    "fields": {
        "order": 85,
        "payment": 34,
        "user": [
            "luqmanshof@gmail.com"
        ],
        "product": 1,
        "quantity": 2,
        "product_price": 199.0,
        "ordered": true,
        "created_at": "2021-04-11T18:34:33.687Z",
        "updated_at": "2021-04-11T18:34:33.707Z",
        "variation": [
            3,
            5
        ]
    }
},
{
    "model": "orders.orderproduct",
    "pk": 42,
    "fields": {
        "order": 86,
        "payment": 35,
        "user": [
            "luqmanshof@gmail.com"
        ],
        "product": 1,
        "quantity": 1,
        "product_price": 199.0,
        "ordered": true,
        "created_at": "2021-04-11T20:03:50.719Z",
        "updated_at": "2021-04-11T20:03:50.743Z",
        "variation": [
            1,
            5
        ]
    }
},
{
    "model": "admin_honeypot.loginattempt",
    "pk": 1,
    "fields": {
        "username": "luqmanshof@gmail.com",
        "ip_address": "127.0.0.1",
        "session_key": "bpeoozkszxt3rqzco2qjin72pumjmf03",
        "user_agent": "Mozilla/5.0 (Windows NT 10.0; Win64; x64) AppleWebKit/537.36 (KHTML, like Gecko) Chrome/89.0.4389.114 Safari/537.36",
        "timestamp": "2021-04-14T10:47:57.874Z",
        "path": "/admin/login/?next=/admin/"
    }
},
{
    "model": "admin_honeypot.loginattempt",
    "pk": 2,
    "fields": {
        "username": "luqmanshof@gmail.com",
        "ip_address": "127.0.0.1",
        "session_key": "bpeoozkszxt3rqzco2qjin72pumjmf03",
        "user_agent": "Mozilla/5.0 (Windows NT 10.0; Win64; x64) AppleWebKit/537.36 (KHTML, like Gecko) Chrome/89.0.4389.114 Safari/537.36",
        "timestamp": "2021-04-14T10:48:05.958Z",
        "path": "/admin/login/?next=/admin/"
    }
},
{
    "model": "admin.logentry",
    "pk": 1,
    "fields": {
        "action_time": "2021-03-28T13:54:26.149Z",
        "user": [
            "luqmanshof@gmail.com"
        ],
        "content_type": [
            "category",
            "category"
        ],
        "object_id": "1",
        "object_repr": "Shirts",
        "action_flag": 1,
        "change_message": "[{\"added\": {}}]"
    }
},
{
    "model": "admin.logentry",
    "pk": 2,
    "fields": {
        "action_time": "2021-03-28T14:26:14.318Z",
        "user": [
            "luqmanshof@gmail.com"
        ],
        "content_type": [
            "category",
            "category"
        ],
        "object_id": "2",
        "object_repr": "T shirt",
        "action_flag": 1,
        "change_message": "[{\"added\": {}}]"
    }
},
{
    "model": "admin.logentry",
    "pk": 3,
    "fields": {
        "action_time": "2021-03-28T14:26:44.908Z",
        "user": [
            "luqmanshof@gmail.com"
        ],
        "content_type": [
            "category",
            "category"
        ],
        "object_id": "3",
        "object_repr": "Shoes",
        "action_flag": 1,
        "change_message": "[{\"added\": {}}]"
    }
},
{
    "model": "admin.logentry",
    "pk": 4,
    "fields": {
        "action_time": "2021-03-28T14:27:00.712Z",
        "user": [
            "luqmanshof@gmail.com"
        ],
        "content_type": [
            "category",
            "category"
        ],
        "object_id": "4",
        "object_repr": "Jeans",
        "action_flag": 1,
        "change_message": "[{\"added\": {}}]"
    }
},
{
    "model": "admin.logentry",
    "pk": 5,
    "fields": {
        "action_time": "2021-03-28T14:27:21.035Z",
        "user": [
            "luqmanshof@gmail.com"
        ],
        "content_type": [
            "category",
            "category"
        ],
        "object_id": "5",
        "object_repr": "Jackets",
        "action_flag": 1,
        "change_message": "[{\"added\": {}}]"
    }
},
{
    "model": "admin.logentry",
    "pk": 6,
    "fields": {
        "action_time": "2021-03-28T20:19:38.867Z",
        "user": [
            "luqmanshof@gmail.com"
        ],
        "content_type": [
            "store",
            "product"
        ],
        "object_id": "1",
        "object_repr": "ATX JEANS",
        "action_flag": 1,
        "change_message": "[{\"added\": {}}]"
    }
},
{
    "model": "admin.logentry",
    "pk": 7,
    "fields": {
        "action_time": "2021-03-28T20:21:18.043Z",
        "user": [
            "luqmanshof@gmail.com"
        ],
        "content_type": [
            "store",
            "product"
        ],
        "object_id": "2",
        "object_repr": "Blue Shirt",
        "action_flag": 1,
        "change_message": "[{\"added\": {}}]"
    }
},
{
    "model": "admin.logentry",
    "pk": 8,
    "fields": {
        "action_time": "2021-03-28T20:22:11.432Z",
        "user": [
            "luqmanshof@gmail.com"
        ],
        "content_type": [
            "store",
            "product"
        ],
        "object_id": "3",
        "object_repr": "Great Tshirt",
        "action_flag": 1,
        "change_message": "[{\"added\": {}}]"
    }
},
{
    "model": "admin.logentry",
    "pk": 9,
    "fields": {
        "action_time": "2021-03-28T20:23:50.102Z",
        "user": [
            "luqmanshof@gmail.com"
        ],
        "content_type": [
            "store",
            "product"
        ],
        "object_id": "4",
        "object_repr": "Jordan Basketball Shoe",
        "action_flag": 1,
        "change_message": "[{\"added\": {}}]"
    }
},
{
    "model": "admin.logentry",
    "pk": 10,
    "fields": {
        "action_time": "2021-03-28T20:24:48.230Z",
        "user": [
            "luqmanshof@gmail.com"
        ],
        "content_type": [
            "store",
            "product"
        ],
        "object_id": "5",
        "object_repr": "Puma Ferarri Shoe",
        "action_flag": 1,
        "change_message": "[{\"added\": {}}]"
    }
},
{
    "model": "admin.logentry",
    "pk": 11,
    "fields": {
        "action_time": "2021-03-28T20:26:02.258Z",
        "user": [
            "luqmanshof@gmail.com"
        ],
        "content_type": [
            "store",
            "product"
        ],
        "object_id": "6",
        "object_repr": "Mavi Jeans",
        "action_flag": 1,
        "change_message": "[{\"added\": {}}]"
    }
},
{
    "model": "admin.logentry",
    "pk": 12,
    "fields": {
        "action_time": "2021-03-28T20:26:53.725Z",
        "user": [
            "luqmanshof@gmail.com"
        ],
        "content_type": [
            "store",
            "product"
        ],
        "object_id": "7",
        "object_repr": "US Polo Jacket",
        "action_flag": 1,
        "change_message": "[{\"added\": {}}]"
    }
},
{
    "model": "admin.logentry",
    "pk": 13,
    "fields": {
        "action_time": "2021-03-28T20:31:00.901Z",
        "user": [
            "luqmanshof@gmail.com"
        ],
        "content_type": [
            "store",
            "product"
        ],
        "object_id": "8",
        "object_repr": "Wrangler Shirt",
        "action_flag": 1,
        "change_message": "[{\"added\": {}}]"
    }
},
{
    "model": "admin.logentry",
    "pk": 14,
    "fields": {
        "action_time": "2021-03-30T05:57:39.630Z",
        "user": [
            "luqmanshof@gmail.com"
        ],
        "content_type": [
            "store",
            "product"
        ],
        "object_id": "1",
        "object_repr": "ATX Jeans",
        "action_flag": 2,
        "change_message": "[{\"changed\": {\"fields\": [\"Product name\"]}}]"
    }
},
{
    "model": "admin.logentry",
    "pk": 15,
    "fields": {
        "action_time": "2021-03-31T09:55:31.662Z",
        "user": [
            "luqmanshof@gmail.com"
        ],
        "content_type": [
            "store",
            "product"
        ],
        "object_id": "3",
        "object_repr": "Great Tshirt",
        "action_flag": 2,
        "change_message": "[{\"changed\": {\"fields\": [\"Stock\"]}}]"
    }
},
{
    "model": "admin.logentry",
    "pk": 16,
    "fields": {
        "action_time": "2021-04-02T09:22:17.397Z",
        "user": [
            "luqmanshof@gmail.com"
        ],
        "content_type": [
            "store",
            "variation"
        ],
        "object_id": "1",
        "object_repr": "Variation object (1)",
        "action_flag": 1,
        "change_message": "[{\"added\": {}}]"
    }
},
{
    "model": "admin.logentry",
    "pk": 17,
    "fields": {
        "action_time": "2021-04-02T09:22:30.449Z",
        "user": [
            "luqmanshof@gmail.com"
        ],
        "content_type": [
            "store",
            "variation"
        ],
        "object_id": "2",
        "object_repr": "Variation object (2)",
        "action_flag": 1,
        "change_message": "[{\"added\": {}}]"
    }
},
{
    "model": "admin.logentry",
    "pk": 18,
    "fields": {
        "action_time": "2021-04-02T09:23:57.416Z",
        "user": [
            "luqmanshof@gmail.com"
        ],
        "content_type": [
            "store",
            "variation"
        ],
        "object_id": "3",
        "object_repr": "Variation object (3)",
        "action_flag": 1,
        "change_message": "[{\"added\": {}}]"
    }
},
{
    "model": "admin.logentry",
    "pk": 19,
    "fields": {
        "action_time": "2021-04-02T13:55:23.005Z",
        "user": [
            "luqmanshof@gmail.com"
        ],
        "content_type": [
            "store",
            "variation"
        ],
        "object_id": "2",
        "object_repr": "Variation object (2)",
        "action_flag": 2,
        "change_message": "[{\"changed\": {\"fields\": [\"Is active\"]}}]"
    }
},
{
    "model": "admin.logentry",
    "pk": 20,
    "fields": {
        "action_time": "2021-04-02T14:02:32.714Z",
        "user": [
            "luqmanshof@gmail.com"
        ],
        "content_type": [
            "store",
            "variation"
        ],
        "object_id": "4",
        "object_repr": "Variation object (4)",
        "action_flag": 1,
        "change_message": "[{\"added\": {}}]"
    }
},
{
    "model": "admin.logentry",
    "pk": 21,
    "fields": {
        "action_time": "2021-04-02T14:31:58.154Z",
        "user": [
            "luqmanshof@gmail.com"
        ],
        "content_type": [
            "store",
            "variation"
        ],
        "object_id": "5",
        "object_repr": "Variation object (5)",
        "action_flag": 1,
        "change_message": "[{\"added\": {}}]"
    }
},
{
    "model": "admin.logentry",
    "pk": 22,
    "fields": {
        "action_time": "2021-04-02T14:32:08.873Z",
        "user": [
            "luqmanshof@gmail.com"
        ],
        "content_type": [
            "store",
            "variation"
        ],
        "object_id": "6",
        "object_repr": "Variation object (6)",
        "action_flag": 1,
        "change_message": "[{\"added\": {}}]"
    }
},
{
    "model": "admin.logentry",
    "pk": 23,
    "fields": {
        "action_time": "2021-04-04T06:47:16.156Z",
        "user": [
            "luqmanshof@gmail.com"
        ],
        "content_type": [
            "accounts",
            "account"
        ],
        "object_id": "4",
        "object_repr": "testuser@gmail.com",
        "action_flag": 3,
        "change_message": ""
    }
},
{
    "model": "admin.logentry",
    "pk": 24,
    "fields": {
        "action_time": "2021-04-04T06:47:16.187Z",
        "user": [
            "luqmanshof@gmail.com"
        ],
        "content_type": [
            "accounts",
            "account"
        ],
        "object_id": "3",
        "object_repr": "oyinda@gmail.com",
        "action_flag": 3,
        "change_message": ""
    }
},
{
    "model": "admin.logentry",
    "pk": 25,
    "fields": {
        "action_time": "2021-04-04T11:08:09.061Z",
        "user": [
            "luqmanshof@gmail.com"
        ],
        "content_type": [
            "accounts",
            "account"
        ],
        "object_id": "6",
        "object_repr": "luqmanshofsssss@gmail.com",
        "action_flag": 3,
        "change_message": ""
    }
},
{
    "model": "admin.logentry",
    "pk": 26,
    "fields": {
        "action_time": "2021-04-04T11:08:09.070Z",
        "user": [
            "luqmanshof@gmail.com"
        ],
        "content_type": [
            "accounts",
            "account"
        ],
        "object_id": "5",
        "object_repr": "adeolayous@gmail.com",
        "action_flag": 3,
        "change_message": ""
    }
},
{
    "model": "admin.logentry",
    "pk": 27,
    "fields": {
        "action_time": "2021-04-04T11:51:47.909Z",
        "user": [
            "luqmanshof@gmail.com"
        ],
        "content_type": [
            "accounts",
            "account"
        ],
        "object_id": "8",
        "object_repr": "luqmanshofssss@gmail.com",
        "action_flag": 3,
        "change_message": ""
    }
},
{
    "model": "admin.logentry",
    "pk": 28,
    "fields": {
        "action_time": "2021-04-04T11:51:47.924Z",
        "user": [
            "luqmanshof@gmail.com"
        ],
        "content_type": [
            "accounts",
            "account"
        ],
        "object_id": "7",
        "object_repr": "adeolayous@gmail.com",
        "action_flag": 3,
        "change_message": ""
    }
},
{
    "model": "admin.logentry",
    "pk": 29,
    "fields": {
        "action_time": "2021-04-04T14:07:17.769Z",
        "user": [
            "luqmanshof@gmail.com"
        ],
        "content_type": [
            "accounts",
            "account"
        ],
        "object_id": "9",
        "object_repr": "adeolayous@gmail.com",
        "action_flag": 2,
        "change_message": "[{\"changed\": {\"fields\": [\"Is active\"]}}]"
    }
},
{
    "model": "admin.logentry",
    "pk": 30,
    "fields": {
        "action_time": "2021-04-04T16:24:31.749Z",
        "user": [
            "luqmanshof@gmail.com"
        ],
        "content_type": [
            "accounts",
            "account"
        ],
        "object_id": "9",
        "object_repr": "adeolayous@gmail.com",
        "action_flag": 3,
        "change_message": ""
    }
},
{
    "model": "admin.logentry",
    "pk": 31,
    "fields": {
        "action_time": "2021-04-04T16:24:31.768Z",
        "user": [
            "luqmanshof@gmail.com"
        ],
        "content_type": [
            "accounts",
            "account"
        ],
        "object_id": "2",
        "object_repr": "folashade@gmail.com",
        "action_flag": 3,
        "change_message": ""
    }
},
{
    "model": "admin.logentry",
    "pk": 32,
    "fields": {
        "action_time": "2021-04-04T16:27:08.277Z",
        "user": [
            "luqmanshof@gmail.com"
        ],
        "content_type": [
            "accounts",
            "account"
        ],
        "object_id": "10",
        "object_repr": "adeolayous@gmail.com",
        "action_flag": 3,
        "change_message": ""
    }
},
{
    "model": "admin.logentry",
    "pk": 33,
    "fields": {
        "action_time": "2021-04-04T16:40:44.612Z",
        "user": [
            "luqmanshof@gmail.com"
        ],
        "content_type": [
            "accounts",
            "account"
        ],
        "object_id": "11",
        "object_repr": "adeolayous@gmail.com",
        "action_flag": 3,
        "change_message": ""
    }
},
{
    "model": "admin.logentry",
    "pk": 34,
    "fields": {
        "action_time": "2021-04-04T16:47:19.003Z",
        "user": [
            "luqmanshof@gmail.com"
        ],
        "content_type": [
            "accounts",
            "account"
        ],
        "object_id": "12",
        "object_repr": "adeolayous@gmail.com",
        "action_flag": 3,
        "change_message": ""
    }
},
{
    "model": "admin.logentry",
    "pk": 35,
    "fields": {
        "action_time": "2021-04-04T18:31:02.646Z",
        "user": [
            "luqmanshof@gmail.com"
        ],
        "content_type": [
            "accounts",
            "account"
        ],
        "object_id": "13",
        "object_repr": "adeolayous@gmail.com",
        "action_flag": 3,
        "change_message": ""
    }
},
{
    "model": "admin.logentry",
    "pk": 36,
    "fields": {
        "action_time": "2021-04-04T19:50:44.003Z",
        "user": [
            "luqmanshof@gmail.com"
        ],
        "content_type": [
            "accounts",
            "account"
        ],
        "object_id": "14",
        "object_repr": "adeolayous@gmail.com",
        "action_flag": 3,
        "change_message": ""
    }
},
{
    "model": "admin.logentry",
    "pk": 37,
    "fields": {
        "action_time": "2021-04-05T10:35:00.059Z",
        "user": [
            "luqmanshof@gmail.com"
        ],
        "content_type": [
            "accounts",
            "account"
        ],
        "object_id": "15",
        "object_repr": "adeolayous@gmail.com",
        "action_flag": 3,
        "change_message": ""
    }
},
{
    "model": "admin.logentry",
    "pk": 38,
    "fields": {
        "action_time": "2021-04-06T23:30:22.060Z",
        "user": [
            "luqmanshof@gmail.com"
        ],
        "content_type": [
            "carts",
            "cartitem"
        ],
        "object_id": "39",
        "object_repr": "CartItem object (39)",
        "action_flag": 3,
        "change_message": ""
    }
},
{
    "model": "admin.logentry",
    "pk": 39,
    "fields": {
        "action_time": "2021-04-06T23:30:22.069Z",
        "user": [
            "luqmanshof@gmail.com"
        ],
        "content_type": [
            "carts",
            "cartitem"
        ],
        "object_id": "38",
        "object_repr": "CartItem object (38)",
        "action_flag": 3,
        "change_message": ""
    }
},
{
    "model": "admin.logentry",
    "pk": 40,
    "fields": {
        "action_time": "2021-04-06T23:30:22.076Z",
        "user": [
            "luqmanshof@gmail.com"
        ],
        "content_type": [
            "carts",
            "cartitem"
        ],
        "object_id": "37",
        "object_repr": "CartItem object (37)",
        "action_flag": 3,
        "change_message": ""
    }
},
{
    "model": "admin.logentry",
    "pk": 41,
    "fields": {
        "action_time": "2021-04-06T23:30:22.084Z",
        "user": [
            "luqmanshof@gmail.com"
        ],
        "content_type": [
            "carts",
            "cartitem"
        ],
        "object_id": "36",
        "object_repr": "CartItem object (36)",
        "action_flag": 3,
        "change_message": ""
    }
},
{
    "model": "admin.logentry",
    "pk": 42,
    "fields": {
        "action_time": "2021-04-06T23:38:41.120Z",
        "user": [
            "luqmanshof@gmail.com"
        ],
        "content_type": [
            "carts",
            "cartitem"
        ],
        "object_id": "41",
        "object_repr": "CartItem object (41)",
        "action_flag": 3,
        "change_message": ""
    }
},
{
    "model": "admin.logentry",
    "pk": 43,
    "fields": {
        "action_time": "2021-04-06T23:38:41.129Z",
        "user": [
            "luqmanshof@gmail.com"
        ],
        "content_type": [
            "carts",
            "cartitem"
        ],
        "object_id": "40",
        "object_repr": "CartItem object (40)",
        "action_flag": 3,
        "change_message": ""
    }
},
{
    "model": "admin.logentry",
    "pk": 44,
    "fields": {
        "action_time": "2021-04-06T23:43:31.281Z",
        "user": [
            "luqmanshof@gmail.com"
        ],
        "content_type": [
            "carts",
            "cartitem"
        ],
        "object_id": "42",
        "object_repr": "CartItem object (42)",
        "action_flag": 3,
        "change_message": ""
    }
},
{
    "model": "admin.logentry",
    "pk": 45,
    "fields": {
        "action_time": "2021-04-06T23:44:58.796Z",
        "user": [
            "luqmanshof@gmail.com"
        ],
        "content_type": [
            "carts",
            "cartitem"
        ],
        "object_id": "43",
        "object_repr": "CartItem object (43)",
        "action_flag": 3,
        "change_message": ""
    }
},
{
    "model": "admin.logentry",
    "pk": 46,
    "fields": {
        "action_time": "2021-04-07T07:52:40.800Z",
        "user": [
            "luqmanshof@gmail.com"
        ],
        "content_type": [
            "carts",
            "cart"
        ],
        "object_id": "20",
        "object_repr": "mbbhqipd1yy0afd92jkavhxge68ua4qn",
        "action_flag": 3,
        "change_message": ""
    }
},
{
    "model": "admin.logentry",
    "pk": 47,
    "fields": {
        "action_time": "2021-04-07T07:52:40.840Z",
        "user": [
            "luqmanshof@gmail.com"
        ],
        "content_type": [
            "carts",
            "cart"
        ],
        "object_id": "19",
        "object_repr": "rxipeb36h1t5cw4979r1dkeefwgywsqu",
        "action_flag": 3,
        "change_message": ""
    }
},
{
    "model": "admin.logentry",
    "pk": 48,
    "fields": {
        "action_time": "2021-04-07T07:52:40.871Z",
        "user": [
            "luqmanshof@gmail.com"
        ],
        "content_type": [
            "carts",
            "cart"
        ],
        "object_id": "18",
        "object_repr": "uk0fud8828gpecd0n5i5h4gkcyx57j43",
        "action_flag": 3,
        "change_message": ""
    }
},
{
    "model": "admin.logentry",
    "pk": 49,
    "fields": {
        "action_time": "2021-04-07T07:52:40.899Z",
        "user": [
            "luqmanshof@gmail.com"
        ],
        "content_type": [
            "carts",
            "cart"
        ],
        "object_id": "17",
        "object_repr": "pelygj4gxl31xi7c5ck96mvs42v09mcx",
        "action_flag": 3,
        "change_message": ""
    }
},
{
    "model": "admin.logentry",
    "pk": 50,
    "fields": {
        "action_time": "2021-04-07T07:52:40.931Z",
        "user": [
            "luqmanshof@gmail.com"
        ],
        "content_type": [
            "carts",
            "cart"
        ],
        "object_id": "16",
        "object_repr": "l8o1iozeag3q9whwm08h1sq8uodke15p",
        "action_flag": 3,
        "change_message": ""
    }
},
{
    "model": "admin.logentry",
    "pk": 51,
    "fields": {
        "action_time": "2021-04-07T07:52:40.946Z",
        "user": [
            "luqmanshof@gmail.com"
        ],
        "content_type": [
            "carts",
            "cart"
        ],
        "object_id": "15",
        "object_repr": "t4cx6xfo55hfg912n5jzalyfn0ol714q",
        "action_flag": 3,
        "change_message": ""
    }
},
{
    "model": "admin.logentry",
    "pk": 52,
    "fields": {
        "action_time": "2021-04-07T07:52:40.957Z",
        "user": [
            "luqmanshof@gmail.com"
        ],
        "content_type": [
            "carts",
            "cart"
        ],
        "object_id": "14",
        "object_repr": "shmrctv3g6613sw41l4ybumt0ssxeo26",
        "action_flag": 3,
        "change_message": ""
    }
},
{
    "model": "admin.logentry",
    "pk": 53,
    "fields": {
        "action_time": "2021-04-07T07:52:40.970Z",
        "user": [
            "luqmanshof@gmail.com"
        ],
        "content_type": [
            "carts",
            "cart"
        ],
        "object_id": "13",
        "object_repr": "54yow87fb13wv7cdlmf24qyvorwp3xbu",
        "action_flag": 3,
        "change_message": ""
    }
},
{
    "model": "admin.logentry",
    "pk": 54,
    "fields": {
        "action_time": "2021-04-07T07:52:40.981Z",
        "user": [
            "luqmanshof@gmail.com"
        ],
        "content_type": [
            "carts",
            "cart"
        ],
        "object_id": "12",
        "object_repr": "skfcdu7gfnijvviltvw11cbe81h6v3xo",
        "action_flag": 3,
        "change_message": ""
    }
},
{
    "model": "admin.logentry",
    "pk": 55,
    "fields": {
        "action_time": "2021-04-07T07:52:40.992Z",
        "user": [
            "luqmanshof@gmail.com"
        ],
        "content_type": [
            "carts",
            "cart"
        ],
        "object_id": "11",
        "object_repr": "1ntuv5oj6sqtuzcl8d8roxt82kfit86n",
        "action_flag": 3,
        "change_message": ""
    }
},
{
    "model": "admin.logentry",
    "pk": 56,
    "fields": {
        "action_time": "2021-04-07T07:52:41.006Z",
        "user": [
            "luqmanshof@gmail.com"
        ],
        "content_type": [
            "carts",
            "cart"
        ],
        "object_id": "10",
        "object_repr": "gr8clx6u176d8z4oabifz2ihmjdebiji",
        "action_flag": 3,
        "change_message": ""
    }
},
{
    "model": "admin.logentry",
    "pk": 57,
    "fields": {
        "action_time": "2021-04-07T07:52:41.017Z",
        "user": [
            "luqmanshof@gmail.com"
        ],
        "content_type": [
            "carts",
            "cart"
        ],
        "object_id": "9",
        "object_repr": "29403bsabr1pax8jen2oa398il5s2nbo",
        "action_flag": 3,
        "change_message": ""
    }
},
{
    "model": "admin.logentry",
    "pk": 58,
    "fields": {
        "action_time": "2021-04-07T07:52:41.028Z",
        "user": [
            "luqmanshof@gmail.com"
        ],
        "content_type": [
            "carts",
            "cart"
        ],
        "object_id": "8",
        "object_repr": "zfx4le6xwwpjc21o3iwn7d21um9r0xs6",
        "action_flag": 3,
        "change_message": ""
    }
},
{
    "model": "admin.logentry",
    "pk": 59,
    "fields": {
        "action_time": "2021-04-07T07:52:41.039Z",
        "user": [
            "luqmanshof@gmail.com"
        ],
        "content_type": [
            "carts",
            "cart"
        ],
        "object_id": "1",
        "object_repr": "grfw3jlxqxf82gs95rsaoexo2v2t6s8b",
        "action_flag": 3,
        "change_message": ""
    }
},
{
    "model": "admin.logentry",
    "pk": 60,
    "fields": {
        "action_time": "2021-04-07T13:26:20.739Z",
        "user": [
            "luqmanshof@gmail.com"
        ],
        "content_type": [
            "carts",
            "cart"
        ],
        "object_id": "21",
        "object_repr": "bx7m0ykhhbnotdxbk9v30dhamzictwki",
        "action_flag": 3,
        "change_message": ""
    }
},
{
    "model": "admin.logentry",
    "pk": 61,
    "fields": {
        "action_time": "2021-04-07T15:50:36.790Z",
        "user": [
            "luqmanshof@gmail.com"
        ],
        "content_type": [
            "carts",
            "cart"
        ],
        "object_id": "22",
        "object_repr": "kovr1y1qzr6gcivmk0w3ok8w7mu67qba",
        "action_flag": 3,
        "change_message": ""
    }
},
{
    "model": "admin.logentry",
    "pk": 62,
    "fields": {
        "action_time": "2021-04-07T15:51:15.340Z",
        "user": [
            "luqmanshof@gmail.com"
        ],
        "content_type": [
            "carts",
            "cartitem"
        ],
        "object_id": "53",
        "object_repr": "CartItem object (53)",
        "action_flag": 3,
        "change_message": ""
    }
},
{
    "model": "admin.logentry",
    "pk": 63,
    "fields": {
        "action_time": "2021-04-07T15:51:15.348Z",
        "user": [
            "luqmanshof@gmail.com"
        ],
        "content_type": [
            "carts",
            "cartitem"
        ],
        "object_id": "52",
        "object_repr": "CartItem object (52)",
        "action_flag": 3,
        "change_message": ""
    }
},
{
    "model": "admin.logentry",
    "pk": 64,
    "fields": {
        "action_time": "2021-04-10T16:38:54.080Z",
        "user": [
            "luqmanshof@gmail.com"
        ],
        "content_type": [
            "orders",
            "payment"
        ],
        "object_id": "2",
        "object_repr": "paypal123",
        "action_flag": 3,
        "change_message": ""
    }
},
{
    "model": "admin.logentry",
    "pk": 65,
    "fields": {
        "action_time": "2021-04-10T16:39:01.605Z",
        "user": [
            "luqmanshof@gmail.com"
        ],
        "content_type": [
            "orders",
            "payment"
        ],
        "object_id": "3",
        "object_repr": "paypal123",
        "action_flag": 3,
        "change_message": ""
    }
},
{
    "model": "admin.logentry",
    "pk": 66,
    "fields": {
        "action_time": "2021-04-10T17:27:24.314Z",
        "user": [
            "luqmanshof@gmail.com"
        ],
        "content_type": [
            "orders",
            "order"
        ],
        "object_id": "57",
        "object_repr": "Luqman",
        "action_flag": 3,
        "change_message": ""
    }
},
{
    "model": "admin.logentry",
    "pk": 67,
    "fields": {
        "action_time": "2021-04-10T17:27:24.323Z",
        "user": [
            "luqmanshof@gmail.com"
        ],
        "content_type": [
            "orders",
            "order"
        ],
        "object_id": "56",
        "object_repr": "Luqman",
        "action_flag": 3,
        "change_message": ""
    }
},
{
    "model": "admin.logentry",
    "pk": 68,
    "fields": {
        "action_time": "2021-04-10T17:27:24.331Z",
        "user": [
            "luqmanshof@gmail.com"
        ],
        "content_type": [
            "orders",
            "order"
        ],
        "object_id": "55",
        "object_repr": "Luqman",
        "action_flag": 3,
        "change_message": ""
    }
},
{
    "model": "admin.logentry",
    "pk": 69,
    "fields": {
        "action_time": "2021-04-10T17:27:24.340Z",
        "user": [
            "luqmanshof@gmail.com"
        ],
        "content_type": [
            "orders",
            "order"
        ],
        "object_id": "54",
        "object_repr": "Luqman",
        "action_flag": 3,
        "change_message": ""
    }
},
{
    "model": "admin.logentry",
    "pk": 70,
    "fields": {
        "action_time": "2021-04-10T17:27:24.347Z",
        "user": [
            "luqmanshof@gmail.com"
        ],
        "content_type": [
            "orders",
            "order"
        ],
        "object_id": "53",
        "object_repr": "Luqman",
        "action_flag": 3,
        "change_message": ""
    }
},
{
    "model": "admin.logentry",
    "pk": 71,
    "fields": {
        "action_time": "2021-04-10T17:27:24.353Z",
        "user": [
            "luqmanshof@gmail.com"
        ],
        "content_type": [
            "orders",
            "order"
        ],
        "object_id": "50",
        "object_repr": "Luqman",
        "action_flag": 3,
        "change_message": ""
    }
},
{
    "model": "admin.logentry",
    "pk": 72,
    "fields": {
        "action_time": "2021-04-10T17:27:24.359Z",
        "user": [
            "luqmanshof@gmail.com"
        ],
        "content_type": [
            "orders",
            "order"
        ],
        "object_id": "49",
        "object_repr": "Luqman",
        "action_flag": 3,
        "change_message": ""
    }
},
{
    "model": "admin.logentry",
    "pk": 73,
    "fields": {
        "action_time": "2021-04-10T17:27:24.365Z",
        "user": [
            "luqmanshof@gmail.com"
        ],
        "content_type": [
            "orders",
            "order"
        ],
        "object_id": "48",
        "object_repr": "Luqman",
        "action_flag": 3,
        "change_message": ""
    }
},
{
    "model": "admin.logentry",
    "pk": 74,
    "fields": {
        "action_time": "2021-04-10T17:27:24.371Z",
        "user": [
            "luqmanshof@gmail.com"
        ],
        "content_type": [
            "orders",
            "order"
        ],
        "object_id": "47",
        "object_repr": "Luqman",
        "action_flag": 3,
        "change_message": ""
    }
},
{
    "model": "admin.logentry",
    "pk": 75,
    "fields": {
        "action_time": "2021-04-10T17:27:24.379Z",
        "user": [
            "luqmanshof@gmail.com"
        ],
        "content_type": [
            "orders",
            "order"
        ],
        "object_id": "46",
        "object_repr": "Luqman",
        "action_flag": 3,
        "change_message": ""
    }
},
{
    "model": "admin.logentry",
    "pk": 76,
    "fields": {
        "action_time": "2021-04-10T17:27:24.386Z",
        "user": [
            "luqmanshof@gmail.com"
        ],
        "content_type": [
            "orders",
            "order"
        ],
        "object_id": "45",
        "object_repr": "Luqman",
        "action_flag": 3,
        "change_message": ""
    }
},
{
    "model": "admin.logentry",
    "pk": 77,
    "fields": {
        "action_time": "2021-04-10T17:27:24.396Z",
        "user": [
            "luqmanshof@gmail.com"
        ],
        "content_type": [
            "orders",
            "order"
        ],
        "object_id": "44",
        "object_repr": "Luqman",
        "action_flag": 3,
        "change_message": ""
    }
},
{
    "model": "admin.logentry",
    "pk": 78,
    "fields": {
        "action_time": "2021-04-10T17:27:24.405Z",
        "user": [
            "luqmanshof@gmail.com"
        ],
        "content_type": [
            "orders",
            "order"
        ],
        "object_id": "43",
        "object_repr": "Luqman",
        "action_flag": 3,
        "change_message": ""
    }
},
{
    "model": "admin.logentry",
    "pk": 79,
    "fields": {
        "action_time": "2021-04-10T17:27:24.412Z",
        "user": [
            "luqmanshof@gmail.com"
        ],
        "content_type": [
            "orders",
            "order"
        ],
        "object_id": "42",
        "object_repr": "Luqman",
        "action_flag": 3,
        "change_message": ""
    }
},
{
    "model": "admin.logentry",
    "pk": 80,
    "fields": {
        "action_time": "2021-04-10T17:27:24.420Z",
        "user": [
            "luqmanshof@gmail.com"
        ],
        "content_type": [
            "orders",
            "order"
        ],
        "object_id": "41",
        "object_repr": "Luqman",
        "action_flag": 3,
        "change_message": ""
    }
},
{
    "model": "admin.logentry",
    "pk": 81,
    "fields": {
        "action_time": "2021-04-10T17:27:24.429Z",
        "user": [
            "luqmanshof@gmail.com"
        ],
        "content_type": [
            "orders",
            "order"
        ],
        "object_id": "40",
        "object_repr": "Luqman",
        "action_flag": 3,
        "change_message": ""
    }
},
{
    "model": "admin.logentry",
    "pk": 82,
    "fields": {
        "action_time": "2021-04-10T17:27:24.435Z",
        "user": [
            "luqmanshof@gmail.com"
        ],
        "content_type": [
            "orders",
            "order"
        ],
        "object_id": "39",
        "object_repr": "Luqman",
        "action_flag": 3,
        "change_message": ""
    }
},
{
    "model": "admin.logentry",
    "pk": 83,
    "fields": {
        "action_time": "2021-04-10T17:27:58.068Z",
        "user": [
            "luqmanshof@gmail.com"
        ],
        "content_type": [
            "orders",
            "order"
        ],
        "object_id": "38",
        "object_repr": "Luqman",
        "action_flag": 3,
        "change_message": ""
    }
},
{
    "model": "admin.logentry",
    "pk": 84,
    "fields": {
        "action_time": "2021-04-10T17:27:58.078Z",
        "user": [
            "luqmanshof@gmail.com"
        ],
        "content_type": [
            "orders",
            "order"
        ],
        "object_id": "37",
        "object_repr": "Luqman",
        "action_flag": 3,
        "change_message": ""
    }
},
{
    "model": "admin.logentry",
    "pk": 85,
    "fields": {
        "action_time": "2021-04-10T17:27:58.086Z",
        "user": [
            "luqmanshof@gmail.com"
        ],
        "content_type": [
            "orders",
            "order"
        ],
        "object_id": "36",
        "object_repr": "Luqman",
        "action_flag": 3,
        "change_message": ""
    }
},
{
    "model": "admin.logentry",
    "pk": 86,
    "fields": {
        "action_time": "2021-04-10T17:27:58.094Z",
        "user": [
            "luqmanshof@gmail.com"
        ],
        "content_type": [
            "orders",
            "order"
        ],
        "object_id": "35",
        "object_repr": "Luqman",
        "action_flag": 3,
        "change_message": ""
    }
},
{
    "model": "admin.logentry",
    "pk": 87,
    "fields": {
        "action_time": "2021-04-10T17:27:58.102Z",
        "user": [
            "luqmanshof@gmail.com"
        ],
        "content_type": [
            "orders",
            "order"
        ],
        "object_id": "34",
        "object_repr": "Luqman",
        "action_flag": 3,
        "change_message": ""
    }
},
{
    "model": "admin.logentry",
    "pk": 88,
    "fields": {
        "action_time": "2021-04-10T17:27:58.110Z",
        "user": [
            "luqmanshof@gmail.com"
        ],
        "content_type": [
            "orders",
            "order"
        ],
        "object_id": "33",
        "object_repr": "Luqman",
        "action_flag": 3,
        "change_message": ""
    }
},
{
    "model": "admin.logentry",
    "pk": 89,
    "fields": {
        "action_time": "2021-04-10T17:27:58.118Z",
        "user": [
            "luqmanshof@gmail.com"
        ],
        "content_type": [
            "orders",
            "order"
        ],
        "object_id": "32",
        "object_repr": "Luqman",
        "action_flag": 3,
        "change_message": ""
    }
},
{
    "model": "admin.logentry",
    "pk": 90,
    "fields": {
        "action_time": "2021-04-10T17:27:58.126Z",
        "user": [
            "luqmanshof@gmail.com"
        ],
        "content_type": [
            "orders",
            "order"
        ],
        "object_id": "31",
        "object_repr": "Luqman",
        "action_flag": 3,
        "change_message": ""
    }
},
{
    "model": "admin.logentry",
    "pk": 91,
    "fields": {
        "action_time": "2021-04-10T17:27:58.134Z",
        "user": [
            "luqmanshof@gmail.com"
        ],
        "content_type": [
            "orders",
            "order"
        ],
        "object_id": "30",
        "object_repr": "Luqman",
        "action_flag": 3,
        "change_message": ""
    }
},
{
    "model": "admin.logentry",
    "pk": 92,
    "fields": {
        "action_time": "2021-04-10T17:27:58.145Z",
        "user": [
            "luqmanshof@gmail.com"
        ],
        "content_type": [
            "orders",
            "order"
        ],
        "object_id": "29",
        "object_repr": "Luqman",
        "action_flag": 3,
        "change_message": ""
    }
},
{
    "model": "admin.logentry",
    "pk": 93,
    "fields": {
        "action_time": "2021-04-10T17:27:58.153Z",
        "user": [
            "luqmanshof@gmail.com"
        ],
        "content_type": [
            "orders",
            "order"
        ],
        "object_id": "28",
        "object_repr": "Luqman",
        "action_flag": 3,
        "change_message": ""
    }
},
{
    "model": "admin.logentry",
    "pk": 94,
    "fields": {
        "action_time": "2021-04-10T17:27:58.161Z",
        "user": [
            "luqmanshof@gmail.com"
        ],
        "content_type": [
            "orders",
            "order"
        ],
        "object_id": "27",
        "object_repr": "Luqman",
        "action_flag": 3,
        "change_message": ""
    }
},
{
    "model": "admin.logentry",
    "pk": 95,
    "fields": {
        "action_time": "2021-04-10T17:27:58.169Z",
        "user": [
            "luqmanshof@gmail.com"
        ],
        "content_type": [
            "orders",
            "order"
        ],
        "object_id": "26",
        "object_repr": "Luqman",
        "action_flag": 3,
        "change_message": ""
    }
},
{
    "model": "admin.logentry",
    "pk": 96,
    "fields": {
        "action_time": "2021-04-10T17:27:58.177Z",
        "user": [
            "luqmanshof@gmail.com"
        ],
        "content_type": [
            "orders",
            "order"
        ],
        "object_id": "25",
        "object_repr": "Luqman",
        "action_flag": 3,
        "change_message": ""
    }
},
{
    "model": "admin.logentry",
    "pk": 97,
    "fields": {
        "action_time": "2021-04-10T17:27:58.186Z",
        "user": [
            "luqmanshof@gmail.com"
        ],
        "content_type": [
            "orders",
            "order"
        ],
        "object_id": "24",
        "object_repr": "Luqman",
        "action_flag": 3,
        "change_message": ""
    }
},
{
    "model": "admin.logentry",
    "pk": 98,
    "fields": {
        "action_time": "2021-04-10T17:27:58.194Z",
        "user": [
            "luqmanshof@gmail.com"
        ],
        "content_type": [
            "orders",
            "order"
        ],
        "object_id": "23",
        "object_repr": "Luqman",
        "action_flag": 3,
        "change_message": ""
    }
},
{
    "model": "admin.logentry",
    "pk": 99,
    "fields": {
        "action_time": "2021-04-10T17:27:58.203Z",
        "user": [
            "luqmanshof@gmail.com"
        ],
        "content_type": [
            "orders",
            "order"
        ],
        "object_id": "22",
        "object_repr": "Luqman",
        "action_flag": 3,
        "change_message": ""
    }
},
{
    "model": "admin.logentry",
    "pk": 100,
    "fields": {
        "action_time": "2021-04-10T17:27:58.214Z",
        "user": [
            "luqmanshof@gmail.com"
        ],
        "content_type": [
            "orders",
            "order"
        ],
        "object_id": "21",
        "object_repr": "Luqman",
        "action_flag": 3,
        "change_message": ""
    }
},
{
    "model": "admin.logentry",
    "pk": 101,
    "fields": {
        "action_time": "2021-04-10T17:27:58.223Z",
        "user": [
            "luqmanshof@gmail.com"
        ],
        "content_type": [
            "orders",
            "order"
        ],
        "object_id": "20",
        "object_repr": "Luqman",
        "action_flag": 3,
        "change_message": ""
    }
},
{
    "model": "admin.logentry",
    "pk": 102,
    "fields": {
        "action_time": "2021-04-10T17:27:58.231Z",
        "user": [
            "luqmanshof@gmail.com"
        ],
        "content_type": [
            "orders",
            "order"
        ],
        "object_id": "19",
        "object_repr": "Luqman",
        "action_flag": 3,
        "change_message": ""
    }
},
{
    "model": "admin.logentry",
    "pk": 103,
    "fields": {
        "action_time": "2021-04-10T17:27:58.239Z",
        "user": [
            "luqmanshof@gmail.com"
        ],
        "content_type": [
            "orders",
            "order"
        ],
        "object_id": "18",
        "object_repr": "Luqman",
        "action_flag": 3,
        "change_message": ""
    }
},
{
    "model": "admin.logentry",
    "pk": 104,
    "fields": {
        "action_time": "2021-04-10T17:27:58.248Z",
        "user": [
            "luqmanshof@gmail.com"
        ],
        "content_type": [
            "orders",
            "order"
        ],
        "object_id": "17",
        "object_repr": "Luqman",
        "action_flag": 3,
        "change_message": ""
    }
},
{
    "model": "admin.logentry",
    "pk": 105,
    "fields": {
        "action_time": "2021-04-10T17:27:58.258Z",
        "user": [
            "luqmanshof@gmail.com"
        ],
        "content_type": [
            "orders",
            "order"
        ],
        "object_id": "16",
        "object_repr": "Luqman",
        "action_flag": 3,
        "change_message": ""
    }
},
{
    "model": "admin.logentry",
    "pk": 106,
    "fields": {
        "action_time": "2021-04-10T17:27:58.270Z",
        "user": [
            "luqmanshof@gmail.com"
        ],
        "content_type": [
            "orders",
            "order"
        ],
        "object_id": "15",
        "object_repr": "Luqman",
        "action_flag": 3,
        "change_message": ""
    }
},
{
    "model": "admin.logentry",
    "pk": 107,
    "fields": {
        "action_time": "2021-04-10T17:27:58.278Z",
        "user": [
            "luqmanshof@gmail.com"
        ],
        "content_type": [
            "orders",
            "order"
        ],
        "object_id": "14",
        "object_repr": "Luqman",
        "action_flag": 3,
        "change_message": ""
    }
},
{
    "model": "admin.logentry",
    "pk": 108,
    "fields": {
        "action_time": "2021-04-10T17:27:58.287Z",
        "user": [
            "luqmanshof@gmail.com"
        ],
        "content_type": [
            "orders",
            "order"
        ],
        "object_id": "13",
        "object_repr": "Luqman",
        "action_flag": 3,
        "change_message": ""
    }
},
{
    "model": "admin.logentry",
    "pk": 109,
    "fields": {
        "action_time": "2021-04-10T17:27:58.295Z",
        "user": [
            "luqmanshof@gmail.com"
        ],
        "content_type": [
            "orders",
            "order"
        ],
        "object_id": "12",
        "object_repr": "Luqman",
        "action_flag": 3,
        "change_message": ""
    }
},
{
    "model": "admin.logentry",
    "pk": 110,
    "fields": {
        "action_time": "2021-04-10T17:27:58.303Z",
        "user": [
            "luqmanshof@gmail.com"
        ],
        "content_type": [
            "orders",
            "order"
        ],
        "object_id": "11",
        "object_repr": "Luqman",
        "action_flag": 3,
        "change_message": ""
    }
},
{
    "model": "admin.logentry",
    "pk": 111,
    "fields": {
        "action_time": "2021-04-10T17:27:58.315Z",
        "user": [
            "luqmanshof@gmail.com"
        ],
        "content_type": [
            "orders",
            "order"
        ],
        "object_id": "10",
        "object_repr": "Luqman",
        "action_flag": 3,
        "change_message": ""
    }
},
{
    "model": "admin.logentry",
    "pk": 112,
    "fields": {
        "action_time": "2021-04-10T17:27:58.321Z",
        "user": [
            "luqmanshof@gmail.com"
        ],
        "content_type": [
            "orders",
            "order"
        ],
        "object_id": "9",
        "object_repr": "Luqman",
        "action_flag": 3,
        "change_message": ""
    }
},
{
    "model": "admin.logentry",
    "pk": 113,
    "fields": {
        "action_time": "2021-04-10T17:27:58.328Z",
        "user": [
            "luqmanshof@gmail.com"
        ],
        "content_type": [
            "orders",
            "order"
        ],
        "object_id": "8",
        "object_repr": "Luqman",
        "action_flag": 3,
        "change_message": ""
    }
},
{
    "model": "admin.logentry",
    "pk": 114,
    "fields": {
        "action_time": "2021-04-10T17:27:58.335Z",
        "user": [
            "luqmanshof@gmail.com"
        ],
        "content_type": [
            "orders",
            "order"
        ],
        "object_id": "7",
        "object_repr": "Luqman",
        "action_flag": 3,
        "change_message": ""
    }
},
{
    "model": "admin.logentry",
    "pk": 115,
    "fields": {
        "action_time": "2021-04-10T17:27:58.342Z",
        "user": [
            "luqmanshof@gmail.com"
        ],
        "content_type": [
            "orders",
            "order"
        ],
        "object_id": "6",
        "object_repr": "Luqman",
        "action_flag": 3,
        "change_message": ""
    }
},
{
    "model": "admin.logentry",
    "pk": 116,
    "fields": {
        "action_time": "2021-04-10T17:27:58.349Z",
        "user": [
            "luqmanshof@gmail.com"
        ],
        "content_type": [
            "orders",
            "order"
        ],
        "object_id": "5",
        "object_repr": "Luqman",
        "action_flag": 3,
        "change_message": ""
    }
},
{
    "model": "admin.logentry",
    "pk": 117,
    "fields": {
        "action_time": "2021-04-10T17:27:58.356Z",
        "user": [
            "luqmanshof@gmail.com"
        ],
        "content_type": [
            "orders",
            "order"
        ],
        "object_id": "4",
        "object_repr": "Luqman",
        "action_flag": 3,
        "change_message": ""
    }
},
{
    "model": "admin.logentry",
    "pk": 118,
    "fields": {
        "action_time": "2021-04-10T17:27:58.363Z",
        "user": [
            "luqmanshof@gmail.com"
        ],
        "content_type": [
            "orders",
            "order"
        ],
        "object_id": "3",
        "object_repr": "Luqman",
        "action_flag": 3,
        "change_message": ""
    }
},
{
    "model": "admin.logentry",
    "pk": 119,
    "fields": {
        "action_time": "2021-04-10T17:27:58.370Z",
        "user": [
            "luqmanshof@gmail.com"
        ],
        "content_type": [
            "orders",
            "order"
        ],
        "object_id": "2",
        "object_repr": "Luqman",
        "action_flag": 3,
        "change_message": ""
    }
},
{
    "model": "admin.logentry",
    "pk": 120,
    "fields": {
        "action_time": "2021-04-10T17:27:58.377Z",
        "user": [
            "luqmanshof@gmail.com"
        ],
        "content_type": [
            "orders",
            "order"
        ],
        "object_id": "1",
        "object_repr": "Luqman",
        "action_flag": 3,
        "change_message": ""
    }
},
{
    "model": "admin.logentry",
    "pk": 121,
    "fields": {
        "action_time": "2021-04-10T17:32:52.307Z",
        "user": [
            "luqmanshof@gmail.com"
        ],
        "content_type": [
            "orders",
            "payment"
        ],
        "object_id": "8",
        "object_repr": "pay-2021041057",
        "action_flag": 3,
        "change_message": ""
    }
},
{
    "model": "admin.logentry",
    "pk": 122,
    "fields": {
        "action_time": "2021-04-10T17:32:52.315Z",
        "user": [
            "luqmanshof@gmail.com"
        ],
        "content_type": [
            "orders",
            "payment"
        ],
        "object_id": "7",
        "object_repr": "pay-2021041056",
        "action_flag": 3,
        "change_message": ""
    }
},
{
    "model": "admin.logentry",
    "pk": 123,
    "fields": {
        "action_time": "2021-04-10T17:32:52.329Z",
        "user": [
            "luqmanshof@gmail.com"
        ],
        "content_type": [
            "orders",
            "payment"
        ],
        "object_id": "6",
        "object_repr": "pay-2021041055",
        "action_flag": 3,
        "change_message": ""
    }
},
{
    "model": "admin.logentry",
    "pk": 124,
    "fields": {
        "action_time": "2021-04-10T17:32:52.337Z",
        "user": [
            "luqmanshof@gmail.com"
        ],
        "content_type": [
            "orders",
            "payment"
        ],
        "object_id": "5",
        "object_repr": "payment2021041054",
        "action_flag": 3,
        "change_message": ""
    }
},
{
    "model": "admin.logentry",
    "pk": 125,
    "fields": {
        "action_time": "2021-04-10T17:32:52.344Z",
        "user": [
            "luqmanshof@gmail.com"
        ],
        "content_type": [
            "orders",
            "payment"
        ],
        "object_id": "4",
        "object_repr": "payment2021041053",
        "action_flag": 3,
        "change_message": ""
    }
},
{
    "model": "admin.logentry",
    "pk": 126,
    "fields": {
        "action_time": "2021-04-10T17:41:01.735Z",
        "user": [
            "luqmanshof@gmail.com"
        ],
        "content_type": [
            "orders",
            "order"
        ],
        "object_id": "61",
        "object_repr": "Luqman",
        "action_flag": 3,
        "change_message": ""
    }
},
{
    "model": "admin.logentry",
    "pk": 127,
    "fields": {
        "action_time": "2021-04-11T14:33:21.064Z",
        "user": [
            "luqmanshof@gmail.com"
        ],
        "content_type": [
            "orders",
            "order"
        ],
        "object_id": "74",
        "object_repr": "Luqman",
        "action_flag": 3,
        "change_message": ""
    }
},
{
    "model": "admin.logentry",
    "pk": 128,
    "fields": {
        "action_time": "2021-04-11T14:33:21.080Z",
        "user": [
            "luqmanshof@gmail.com"
        ],
        "content_type": [
            "orders",
            "order"
        ],
        "object_id": "73",
        "object_repr": "Luqman",
        "action_flag": 3,
        "change_message": ""
    }
},
{
    "model": "admin.logentry",
    "pk": 129,
    "fields": {
        "action_time": "2021-04-11T14:33:21.093Z",
        "user": [
            "luqmanshof@gmail.com"
        ],
        "content_type": [
            "orders",
            "order"
        ],
        "object_id": "72",
        "object_repr": "Luqman",
        "action_flag": 3,
        "change_message": ""
    }
},
{
    "model": "admin.logentry",
    "pk": 130,
    "fields": {
        "action_time": "2021-04-11T14:33:21.107Z",
        "user": [
            "luqmanshof@gmail.com"
        ],
        "content_type": [
            "orders",
            "order"
        ],
        "object_id": "71",
        "object_repr": "Luqman",
        "action_flag": 3,
        "change_message": ""
    }
},
{
    "model": "admin.logentry",
    "pk": 131,
    "fields": {
        "action_time": "2021-04-11T14:33:21.122Z",
        "user": [
            "luqmanshof@gmail.com"
        ],
        "content_type": [
            "orders",
            "order"
        ],
        "object_id": "70",
        "object_repr": "Fausat",
        "action_flag": 3,
        "change_message": ""
    }
},
{
    "model": "admin.logentry",
    "pk": 132,
    "fields": {
        "action_time": "2021-04-11T14:33:21.138Z",
        "user": [
            "luqmanshof@gmail.com"
        ],
        "content_type": [
            "orders",
            "order"
        ],
        "object_id": "69",
        "object_repr": "Luqman",
        "action_flag": 3,
        "change_message": ""
    }
},
{
    "model": "admin.logentry",
    "pk": 133,
    "fields": {
        "action_time": "2021-04-11T14:33:21.151Z",
        "user": [
            "luqmanshof@gmail.com"
        ],
        "content_type": [
            "orders",
            "order"
        ],
        "object_id": "68",
        "object_repr": "Fausat",
        "action_flag": 3,
        "change_message": ""
    }
},
{
    "model": "admin.logentry",
    "pk": 134,
    "fields": {
        "action_time": "2021-04-11T14:33:21.171Z",
        "user": [
            "luqmanshof@gmail.com"
        ],
        "content_type": [
            "orders",
            "order"
        ],
        "object_id": "67",
        "object_repr": "Adeolu",
        "action_flag": 3,
        "change_message": ""
    }
},
{
    "model": "admin.logentry",
    "pk": 135,
    "fields": {
        "action_time": "2021-04-11T14:33:21.196Z",
        "user": [
            "luqmanshof@gmail.com"
        ],
        "content_type": [
            "orders",
            "order"
        ],
        "object_id": "66",
        "object_repr": "Luqman",
        "action_flag": 3,
        "change_message": ""
    }
},
{
    "model": "admin.logentry",
    "pk": 136,
    "fields": {
        "action_time": "2021-04-11T14:33:21.219Z",
        "user": [
            "luqmanshof@gmail.com"
        ],
        "content_type": [
            "orders",
            "order"
        ],
        "object_id": "65",
        "object_repr": "Luqman",
        "action_flag": 3,
        "change_message": ""
    }
},
{
    "model": "admin.logentry",
    "pk": 137,
    "fields": {
        "action_time": "2021-04-11T14:33:21.250Z",
        "user": [
            "luqmanshof@gmail.com"
        ],
        "content_type": [
            "orders",
            "order"
        ],
        "object_id": "64",
        "object_repr": "Luqman",
        "action_flag": 3,
        "change_message": ""
    }
},
{
    "model": "admin.logentry",
    "pk": 138,
    "fields": {
        "action_time": "2021-04-11T14:33:21.276Z",
        "user": [
            "luqmanshof@gmail.com"
        ],
        "content_type": [
            "orders",
            "order"
        ],
        "object_id": "63",
        "object_repr": "Luqman",
        "action_flag": 3,
        "change_message": ""
    }
},
{
    "model": "admin.logentry",
    "pk": 139,
    "fields": {
        "action_time": "2021-04-11T14:33:21.305Z",
        "user": [
            "luqmanshof@gmail.com"
        ],
        "content_type": [
            "orders",
            "order"
        ],
        "object_id": "62",
        "object_repr": "Luqman",
        "action_flag": 3,
        "change_message": ""
    }
},
{
    "model": "admin.logentry",
    "pk": 140,
    "fields": {
        "action_time": "2021-04-11T14:33:21.344Z",
        "user": [
            "luqmanshof@gmail.com"
        ],
        "content_type": [
            "orders",
            "order"
        ],
        "object_id": "60",
        "object_repr": "Luqman",
        "action_flag": 3,
        "change_message": ""
    }
},
{
    "model": "admin.logentry",
    "pk": 141,
    "fields": {
        "action_time": "2021-04-11T14:33:21.365Z",
        "user": [
            "luqmanshof@gmail.com"
        ],
        "content_type": [
            "orders",
            "order"
        ],
        "object_id": "59",
        "object_repr": "Luqman",
        "action_flag": 3,
        "change_message": ""
    }
},
{
    "model": "admin.logentry",
    "pk": 142,
    "fields": {
        "action_time": "2021-04-11T14:33:21.377Z",
        "user": [
            "luqmanshof@gmail.com"
        ],
        "content_type": [
            "orders",
            "order"
        ],
        "object_id": "58",
        "object_repr": "Luqman",
        "action_flag": 3,
        "change_message": ""
    }
},
{
    "model": "admin.logentry",
    "pk": 143,
    "fields": {
        "action_time": "2021-04-11T14:33:21.386Z",
        "user": [
            "luqmanshof@gmail.com"
        ],
        "content_type": [
            "orders",
            "order"
        ],
        "object_id": "52",
        "object_repr": "Luqman",
        "action_flag": 3,
        "change_message": ""
    }
},
{
    "model": "admin.logentry",
    "pk": 144,
    "fields": {
        "action_time": "2021-04-11T14:33:21.396Z",
        "user": [
            "luqmanshof@gmail.com"
        ],
        "content_type": [
            "orders",
            "order"
        ],
        "object_id": "51",
        "object_repr": "Luqman",
        "action_flag": 3,
        "change_message": ""
    }
},
{
    "model": "admin.logentry",
    "pk": 145,
    "fields": {
        "action_time": "2021-04-11T14:33:42.840Z",
        "user": [
            "luqmanshof@gmail.com"
        ],
        "content_type": [
            "orders",
            "payment"
        ],
        "object_id": "24",
        "object_repr": "pay-2021041174",
        "action_flag": 3,
        "change_message": ""
    }
},
{
    "model": "admin.logentry",
    "pk": 146,
    "fields": {
        "action_time": "2021-04-11T14:33:42.877Z",
        "user": [
            "luqmanshof@gmail.com"
        ],
        "content_type": [
            "orders",
            "payment"
        ],
        "object_id": "23",
        "object_repr": "pay-2021041173",
        "action_flag": 3,
        "change_message": ""
    }
},
{
    "model": "admin.logentry",
    "pk": 147,
    "fields": {
        "action_time": "2021-04-11T14:33:42.912Z",
        "user": [
            "luqmanshof@gmail.com"
        ],
        "content_type": [
            "orders",
            "payment"
        ],
        "object_id": "22",
        "object_repr": "pay-2021041172",
        "action_flag": 3,
        "change_message": ""
    }
},
{
    "model": "admin.logentry",
    "pk": 148,
    "fields": {
        "action_time": "2021-04-11T14:33:42.939Z",
        "user": [
            "luqmanshof@gmail.com"
        ],
        "content_type": [
            "orders",
            "payment"
        ],
        "object_id": "21",
        "object_repr": "pay-2021041171",
        "action_flag": 3,
        "change_message": ""
    }
},
{
    "model": "admin.logentry",
    "pk": 149,
    "fields": {
        "action_time": "2021-04-11T14:33:42.972Z",
        "user": [
            "luqmanshof@gmail.com"
        ],
        "content_type": [
            "orders",
            "payment"
        ],
        "object_id": "20",
        "object_repr": "pay-2021041170",
        "action_flag": 3,
        "change_message": ""
    }
},
{
    "model": "admin.logentry",
    "pk": 150,
    "fields": {
        "action_time": "2021-04-11T14:33:43.003Z",
        "user": [
            "luqmanshof@gmail.com"
        ],
        "content_type": [
            "orders",
            "payment"
        ],
        "object_id": "19",
        "object_repr": "pay-2021041169",
        "action_flag": 3,
        "change_message": ""
    }
},
{
    "model": "admin.logentry",
    "pk": 151,
    "fields": {
        "action_time": "2021-04-11T14:33:43.022Z",
        "user": [
            "luqmanshof@gmail.com"
        ],
        "content_type": [
            "orders",
            "payment"
        ],
        "object_id": "18",
        "object_repr": "pay-2021041068",
        "action_flag": 3,
        "change_message": ""
    }
},
{
    "model": "admin.logentry",
    "pk": 152,
    "fields": {
        "action_time": "2021-04-11T14:33:43.032Z",
        "user": [
            "luqmanshof@gmail.com"
        ],
        "content_type": [
            "orders",
            "payment"
        ],
        "object_id": "17",
        "object_repr": "pay-2021041067",
        "action_flag": 3,
        "change_message": ""
    }
},
{
    "model": "admin.logentry",
    "pk": 153,
    "fields": {
        "action_time": "2021-04-11T14:33:43.044Z",
        "user": [
            "luqmanshof@gmail.com"
        ],
        "content_type": [
            "orders",
            "payment"
        ],
        "object_id": "16",
        "object_repr": "pay-2021041066",
        "action_flag": 3,
        "change_message": ""
    }
},
{
    "model": "admin.logentry",
    "pk": 154,
    "fields": {
        "action_time": "2021-04-11T14:33:43.054Z",
        "user": [
            "luqmanshof@gmail.com"
        ],
        "content_type": [
            "orders",
            "payment"
        ],
        "object_id": "15",
        "object_repr": "pay-2021041065",
        "action_flag": 3,
        "change_message": ""
    }
},
{
    "model": "admin.logentry",
    "pk": 155,
    "fields": {
        "action_time": "2021-04-11T14:33:43.064Z",
        "user": [
            "luqmanshof@gmail.com"
        ],
        "content_type": [
            "orders",
            "payment"
        ],
        "object_id": "14",
        "object_repr": "34S59037N10132015",
        "action_flag": 3,
        "change_message": ""
    }
},
{
    "model": "admin.logentry",
    "pk": 156,
    "fields": {
        "action_time": "2021-04-11T14:33:43.075Z",
        "user": [
            "luqmanshof@gmail.com"
        ],
        "content_type": [
            "orders",
            "payment"
        ],
        "object_id": "13",
        "object_repr": "pay-2021041062",
        "action_flag": 3,
        "change_message": ""
    }
},
{
    "model": "admin.logentry",
    "pk": 157,
    "fields": {
        "action_time": "2021-04-11T14:33:43.086Z",
        "user": [
            "luqmanshof@gmail.com"
        ],
        "content_type": [
            "orders",
            "payment"
        ],
        "object_id": "12",
        "object_repr": "pay-2021041061",
        "action_flag": 3,
        "change_message": ""
    }
},
{
    "model": "admin.logentry",
    "pk": 158,
    "fields": {
        "action_time": "2021-04-11T14:33:43.096Z",
        "user": [
            "luqmanshof@gmail.com"
        ],
        "content_type": [
            "orders",
            "payment"
        ],
        "object_id": "11",
        "object_repr": "pay-2021041060",
        "action_flag": 3,
        "change_message": ""
    }
},
{
    "model": "admin.logentry",
    "pk": 159,
    "fields": {
        "action_time": "2021-04-11T14:33:43.109Z",
        "user": [
            "luqmanshof@gmail.com"
        ],
        "content_type": [
            "orders",
            "payment"
        ],
        "object_id": "10",
        "object_repr": "pay-2021041059",
        "action_flag": 3,
        "change_message": ""
    }
},
{
    "model": "admin.logentry",
    "pk": 160,
    "fields": {
        "action_time": "2021-04-11T14:33:43.123Z",
        "user": [
            "luqmanshof@gmail.com"
        ],
        "content_type": [
            "orders",
            "payment"
        ],
        "object_id": "9",
        "object_repr": "pay-2021041058",
        "action_flag": 3,
        "change_message": ""
    }
},
{
    "model": "admin.logentry",
    "pk": 161,
    "fields": {
        "action_time": "2021-04-11T14:33:43.135Z",
        "user": [
            "luqmanshof@gmail.com"
        ],
        "content_type": [
            "orders",
            "payment"
        ],
        "object_id": "1",
        "object_repr": "9G609677TP449983A",
        "action_flag": 3,
        "change_message": ""
    }
},
{
    "model": "admin.logentry",
    "pk": 162,
    "fields": {
        "action_time": "2021-04-11T14:50:33.404Z",
        "user": [
            "luqmanshof@gmail.com"
        ],
        "content_type": [
            "orders",
            "order"
        ],
        "object_id": "77",
        "object_repr": "Luqman",
        "action_flag": 3,
        "change_message": ""
    }
},
{
    "model": "admin.logentry",
    "pk": 163,
    "fields": {
        "action_time": "2021-04-11T14:50:33.418Z",
        "user": [
            "luqmanshof@gmail.com"
        ],
        "content_type": [
            "orders",
            "order"
        ],
        "object_id": "76",
        "object_repr": "Luqman",
        "action_flag": 3,
        "change_message": ""
    }
},
{
    "model": "admin.logentry",
    "pk": 164,
    "fields": {
        "action_time": "2021-04-11T14:50:33.426Z",
        "user": [
            "luqmanshof@gmail.com"
        ],
        "content_type": [
            "orders",
            "order"
        ],
        "object_id": "75",
        "object_repr": "Luqman",
        "action_flag": 3,
        "change_message": ""
    }
},
{
    "model": "admin.logentry",
    "pk": 165,
    "fields": {
        "action_time": "2021-04-11T14:50:47.293Z",
        "user": [
            "luqmanshof@gmail.com"
        ],
        "content_type": [
            "orders",
            "payment"
        ],
        "object_id": "26",
        "object_repr": "Trans-2021041177",
        "action_flag": 3,
        "change_message": ""
    }
},
{
    "model": "admin.logentry",
    "pk": 166,
    "fields": {
        "action_time": "2021-04-11T14:50:47.302Z",
        "user": [
            "luqmanshof@gmail.com"
        ],
        "content_type": [
            "orders",
            "payment"
        ],
        "object_id": "25",
        "object_repr": "Trans-2021041175",
        "action_flag": 3,
        "change_message": ""
    }
},
{
    "model": "admin.logentry",
    "pk": 167,
    "fields": {
        "action_time": "2021-04-11T15:29:02.677Z",
        "user": [
            "luqmanshof@gmail.com"
        ],
        "content_type": [
            "orders",
            "order"
        ],
        "object_id": "78",
        "object_repr": "Luqman",
        "action_flag": 3,
        "change_message": ""
    }
},
{
    "model": "admin.logentry",
    "pk": 168,
    "fields": {
        "action_time": "2021-04-11T15:29:20.708Z",
        "user": [
            "luqmanshof@gmail.com"
        ],
        "content_type": [
            "carts",
            "cart"
        ],
        "object_id": "27",
        "object_repr": "938hgr14g9qg7eeq5brupg2yxdhcpwe0",
        "action_flag": 3,
        "change_message": ""
    }
},
{
    "model": "admin.logentry",
    "pk": 169,
    "fields": {
        "action_time": "2021-04-11T15:29:20.718Z",
        "user": [
            "luqmanshof@gmail.com"
        ],
        "content_type": [
            "carts",
            "cart"
        ],
        "object_id": "26",
        "object_repr": "6gdzff1t3lldoe9j7w6ezslj0mdbsjsj",
        "action_flag": 3,
        "change_message": ""
    }
},
{
    "model": "admin.logentry",
    "pk": 170,
    "fields": {
        "action_time": "2021-04-11T15:29:20.729Z",
        "user": [
            "luqmanshof@gmail.com"
        ],
        "content_type": [
            "carts",
            "cart"
        ],
        "object_id": "25",
        "object_repr": "ambd82vdb82s62s3g281kfq3aqlyyfuz",
        "action_flag": 3,
        "change_message": ""
    }
},
{
    "model": "admin.logentry",
    "pk": 171,
    "fields": {
        "action_time": "2021-04-11T15:29:20.737Z",
        "user": [
            "luqmanshof@gmail.com"
        ],
        "content_type": [
            "carts",
            "cart"
        ],
        "object_id": "24",
        "object_repr": "sev0ze4nsgzaopsv6hfinol2hitk64ey",
        "action_flag": 3,
        "change_message": ""
    }
},
{
    "model": "admin.logentry",
    "pk": 172,
    "fields": {
        "action_time": "2021-04-11T15:29:20.747Z",
        "user": [
            "luqmanshof@gmail.com"
        ],
        "content_type": [
            "carts",
            "cart"
        ],
        "object_id": "23",
        "object_repr": "5wbtdepd4tp7g7xubr7r8sovpxz8mh00",
        "action_flag": 3,
        "change_message": ""
    }
},
{
    "model": "admin.logentry",
    "pk": 173,
    "fields": {
        "action_time": "2021-04-11T15:30:24.864Z",
        "user": [
            "luqmanshof@gmail.com"
        ],
        "content_type": [
            "orders",
            "payment"
        ],
        "object_id": "27",
        "object_repr": "8PB51063KH2418440",
        "action_flag": 3,
        "change_message": ""
    }
},
{
    "model": "admin.logentry",
    "pk": 174,
    "fields": {
        "action_time": "2021-04-11T15:30:58.933Z",
        "user": [
            "luqmanshof@gmail.com"
        ],
        "content_type": [
            "store",
            "reviewrating"
        ],
        "object_id": "1",
        "object_repr": "Test Review",
        "action_flag": 3,
        "change_message": ""
    }
},
{
    "model": "admin.logentry",
    "pk": 175,
    "fields": {
        "action_time": "2021-04-11T16:14:31.503Z",
        "user": [
            "luqmanshof@gmail.com"
        ],
        "content_type": [
            "accounts",
            "account"
        ],
        "object_id": "2",
        "object_repr": "adeolayous@gmail.com",
        "action_flag": 2,
        "change_message": "[{\"changed\": {\"fields\": [\"First name\"]}}]"
    }
},
{
    "model": "admin.logentry",
    "pk": 176,
    "fields": {
        "action_time": "2021-04-11T17:18:22.356Z",
        "user": [
            "luqmanshof@gmail.com"
        ],
        "content_type": [
            "store",
            "reviewrating"
        ],
        "object_id": "2",
        "object_repr": "Nice product",
        "action_flag": 2,
        "change_message": "[{\"changed\": {\"fields\": [\"Rating\"]}}]"
    }
},
{
    "model": "admin.logentry",
    "pk": 177,
    "fields": {
        "action_time": "2021-04-11T17:20:41.404Z",
        "user": [
            "luqmanshof@gmail.com"
        ],
        "content_type": [
            "store",
            "reviewrating"
        ],
        "object_id": "2",
        "object_repr": "Nice product",
        "action_flag": 2,
        "change_message": "[{\"changed\": {\"fields\": [\"Rating\"]}}]"
    }
},
{
    "model": "admin.logentry",
    "pk": 178,
    "fields": {
        "action_time": "2021-04-11T17:21:04.329Z",
        "user": [
            "luqmanshof@gmail.com"
        ],
        "content_type": [
            "store",
            "reviewrating"
        ],
        "object_id": "3",
        "object_repr": "Best Product Ever",
        "action_flag": 2,
        "change_message": "[{\"changed\": {\"fields\": [\"Rating\"]}}]"
    }
},
{
    "model": "admin.logentry",
    "pk": 179,
    "fields": {
        "action_time": "2021-04-12T17:49:13.455Z",
        "user": [
            "luqmanshof@gmail.com"
        ],
        "content_type": [
            "accounts",
            "userprofile"
        ],
        "object_id": "1",
        "object_repr": "Adeola",
        "action_flag": 1,
        "change_message": "[{\"added\": {}}]"
    }
},
{
    "model": "admin.logentry",
    "pk": 180,
    "fields": {
        "action_time": "2021-04-12T18:43:22.774Z",
        "user": [
            "luqmanshof@gmail.com"
        ],
        "content_type": [
            "accounts",
            "userprofile"
        ],
        "object_id": "1",
        "object_repr": "Luqman",
        "action_flag": 2,
        "change_message": "[{\"changed\": {\"fields\": [\"User\"]}}]"
    }
},
{
    "model": "admin.logentry",
    "pk": 181,
    "fields": {
        "action_time": "2021-04-12T18:43:47.357Z",
        "user": [
            "luqmanshof@gmail.com"
        ],
        "content_type": [
            "accounts",
            "userprofile"
        ],
        "object_id": "1",
        "object_repr": "Adeola",
        "action_flag": 2,
        "change_message": "[{\"changed\": {\"fields\": [\"User\"]}}]"
    }
},
{
    "model": "admin.logentry",
    "pk": 182,
    "fields": {
        "action_time": "2021-04-13T15:07:55.091Z",
        "user": [
            "luqmanshof@gmail.com"
        ],
        "content_type": [
            "accounts",
            "account"
        ],
        "object_id": "3",
        "object_repr": "enthralsystem@gmail.com",
        "action_flag": 3,
        "change_message": ""
    }
},
{
    "model": "admin.logentry",
    "pk": 183,
    "fields": {
        "action_time": "2021-04-13T15:15:41.945Z",
        "user": [
            "luqmanshof@gmail.com"
        ],
        "content_type": [
            "accounts",
            "account"
        ],
        "object_id": "4",
        "object_repr": "enthralsystem@gmail.com",
        "action_flag": 3,
        "change_message": ""
    }
},
{
    "model": "admin.logentry",
    "pk": 184,
    "fields": {
        "action_time": "2021-04-13T16:09:00.749Z",
        "user": [
            "luqmanshof@gmail.com"
        ],
        "content_type": [
            "accounts",
            "account"
        ],
        "object_id": "5",
        "object_repr": "enthralsystem@gmail.com",
        "action_flag": 3,
        "change_message": ""
    }
},
{
    "model": "admin.logentry",
    "pk": 185,
    "fields": {
        "action_time": "2021-04-13T16:16:05.807Z",
        "user": [
            "luqmanshof@gmail.com"
        ],
        "content_type": [
            "accounts",
            "account"
        ],
        "object_id": "6",
        "object_repr": "enthralsystem@gmail.com",
        "action_flag": 3,
        "change_message": ""
    }
},
{
    "model": "admin.logentry",
    "pk": 186,
    "fields": {
        "action_time": "2021-04-13T16:38:38.856Z",
        "user": [
            "luqmanshof@gmail.com"
        ],
        "content_type": [
            "accounts",
            "account"
        ],
        "object_id": "7",
        "object_repr": "enthralsystem@gmail.com",
        "action_flag": 3,
        "change_message": ""
    }
},
{
    "model": "admin.logentry",
    "pk": 187,
    "fields": {
        "action_time": "2021-04-13T16:43:28.379Z",
        "user": [
            "luqmanshof@gmail.com"
        ],
        "content_type": [
            "accounts",
            "account"
        ],
        "object_id": "8",
        "object_repr": "enthralsystem@gmail.com",
        "action_flag": 3,
        "change_message": ""
    }
},
{
    "model": "admin.logentry",
    "pk": 188,
    "fields": {
        "action_time": "2021-04-13T16:46:18.356Z",
        "user": [
            "luqmanshof@gmail.com"
        ],
        "content_type": [
            "accounts",
            "account"
        ],
        "object_id": "9",
        "object_repr": "enthralsystem@gmail.com",
        "action_flag": 3,
        "change_message": ""
    }
},
{
    "model": "admin.logentry",
    "pk": 189,
    "fields": {
        "action_time": "2021-04-13T17:20:24.699Z",
        "user": [
            "luqmanshof@gmail.com"
        ],
        "content_type": [
            "accounts",
            "account"
        ],
        "object_id": "10",
        "object_repr": "enthralsystem@gmail.com",
        "action_flag": 3,
        "change_message": ""
    }
},
{
    "model": "admin.logentry",
    "pk": 190,
    "fields": {
        "action_time": "2021-04-13T17:47:56.053Z",
        "user": [
            "luqmanshof@gmail.com"
        ],
        "content_type": [
            "accounts",
            "account"
        ],
        "object_id": "11",
        "object_repr": "enthralsystem@gmail.com",
        "action_flag": 3,
        "change_message": ""
    }
},
{
    "model": "admin.logentry",
    "pk": 191,
    "fields": {
        "action_time": "2021-04-13T17:50:47.035Z",
        "user": [
            "luqmanshof@gmail.com"
        ],
        "content_type": [
            "accounts",
            "account"
        ],
        "object_id": "12",
        "object_repr": "enthralsystem@gmail.com",
        "action_flag": 3,
        "change_message": ""
    }
},
{
    "model": "admin.logentry",
    "pk": 192,
    "fields": {
        "action_time": "2021-04-14T04:39:30.391Z",
        "user": [
            "luqmanshof@gmail.com"
        ],
        "content_type": [
            "store",
            "product"
        ],
        "object_id": "8",
        "object_repr": "Wrangler Shirt",
        "action_flag": 2,
        "change_message": "[{\"added\": {\"name\": \"productgallery\", \"object\": \"Wrangler Shirt\"}}]"
    }
},
{
    "model": "admin.logentry",
    "pk": 193,
    "fields": {
        "action_time": "2021-04-14T07:33:09.213Z",
        "user": [
            "luqmanshof@gmail.com"
        ],
        "content_type": [
            "store",
            "product"
        ],
        "object_id": "1",
        "object_repr": "ATX Jeans",
        "action_flag": 2,
        "change_message": "[{\"added\": {\"name\": \"productgallery\", \"object\": \"ATX Jeans\"}}, {\"added\": {\"name\": \"productgallery\", \"object\": \"ATX Jeans\"}}, {\"added\": {\"name\": \"productgallery\", \"object\": \"ATX Jeans\"}}]"
    }
},
{
    "model": "admin.logentry",
    "pk": 194,
    "fields": {
        "action_time": "2021-04-14T11:18:28.674Z",
        "user": [
            "luqmanshof@gmail.com"
        ],
        "content_type": [
            "accounts",
            "userprofile"
        ],
        "object_id": "1",
        "object_repr": "Luqman",
        "action_flag": 2,
        "change_message": "[{\"changed\": {\"fields\": [\"User\"]}}]"
    }
}
]
